threshold,treat_all,treat_none,clinical,cnv,image,cnv_image_fusion,clinical_cnv,clinical_image,clinical_cnv_image
0.05,0.2982456140350877,0.0,0.2982456140350877,0.29894736842105263,0.29859649122807014,0.2982456140350877,0.2982456140350877,0.2982456140350877,0.2982456140350877
0.06,0.2907801418439716,0.0,0.2907801418439716,0.29163120567375883,0.29120567375886525,0.29120567375886525,0.2907801418439716,0.29120567375886525,0.2907801418439716
0.07,0.28315412186379924,0.0,0.28315412186379924,0.2841577060931899,0.2836559139784946,0.2836559139784946,0.28315412186379924,0.2836559139784946,0.28315412186379924
0.08,0.2753623188405797,0.0,0.2753623188405797,0.2776811594202898,0.27594202898550724,0.27594202898550724,0.2753623188405797,0.27594202898550724,0.27594202898550724
0.09,0.2673992673992674,0.0,0.2673992673992674,0.2706959706959707,0.2687179487179487,0.26805860805860804,0.2673992673992674,0.26805860805860804,0.26805860805860804
0.09999999999999999,0.25925925925925924,0.0,0.25925925925925924,0.2562962962962963,0.2622222222222222,0.26,0.25925925925925924,0.26,0.2607407407407407
0.10999999999999999,0.250936329588015,0.0,0.250936329588015,0.24921348314606742,0.25670411985018726,0.25258426966292136,0.250936329588015,0.25176029962546814,0.2534082397003745
0.12,0.2424242424242424,0.0,0.24242424242424243,0.22878787878787882,0.2496969696969697,0.24515151515151515,0.24242424242424243,0.24424242424242423,0.24515151515151515
0.13,0.23371647509578541,0.0,0.23371647509578541,0.21701149425287353,0.24168582375478925,0.23670498084291186,0.23371647509578541,0.23670498084291186,0.23770114942528733
0.13999999999999999,0.22480620155038758,0.0,0.2248062015503876,0.21224806201550386,0.23457364341085268,0.22806201550387598,0.2248062015503876,0.22806201550387598,0.22914728682170543
0.14999999999999997,0.21568627450980393,0.0,0.21568627450980393,0.1890196078431373,0.2274509803921569,0.2203921568627451,0.21568627450980393,0.21921568627450982,0.2203921568627451
0.15999999999999998,0.20634920634920634,0.0,0.20634920634920637,0.18507936507936512,0.2215873015873016,0.21523809523809523,0.20634920634920637,0.21015873015873016,0.21269841269841272
0.16999999999999998,0.1967871485943775,0.0,0.19678714859437751,0.1883534136546185,0.21317269076305223,0.20907630522088355,0.19678714859437751,0.2036144578313253,0.20497991967871484
0.18,0.18699186991869918,0.0,0.1869918699186992,0.18569105691056914,0.19934959349593498,0.20601626016260163,0.18845528455284552,0.19577235772357723,0.19723577235772358
0.19,0.17695473251028804,0.0,0.17695473251028807,0.18502057613168726,0.1906172839506173,0.20041152263374484,0.1785185185185185,0.18790123456790123,0.18790123456790123
0.19999999999999996,0.16666666666666666,0.0,0.16666666666666669,0.18500000000000005,0.18333333333333335,0.19666666666666668,0.16833333333333333,0.18000000000000002,0.18000000000000002
0.20999999999999996,0.15611814345991562,0.0,0.15611814345991565,0.15586497890295364,0.17113924050632914,0.19333333333333338,0.15966244725738402,0.17029535864978906,0.17029535864978906
0.21999999999999997,0.1452991452991453,0.0,0.14529914529914534,0.16119658119658126,0.15726495726495732,0.1818803418803419,0.1490598290598291,0.165982905982906,0.165982905982906
0.22999999999999998,0.13419913419913418,0.0,0.1341991341991342,0.16571428571428576,0.15203463203463205,0.17463203463203464,0.13818181818181818,0.1580952380952381,0.16008658008658008
0.24,0.12280701754385961,0.0,0.12280701754385964,0.1336842105263158,0.1449122807017544,0.1659649122807018,0.1270175438596491,0.15017543859649124,0.15228070175438596
0.24999999999999994,0.1111111111111111,0.0,0.11111111111111116,0.1177777777777778,0.1444444444444445,0.15555555555555559,0.11555555555555558,0.14666666666666667,0.1444444444444445
0.25999999999999995,0.09909909909909909,0.0,0.09909909909909911,0.10234234234234237,0.13531531531531535,0.15675675675675674,0.1037837837837838,0.14360360360360358,0.14126126126126126
0.26999999999999996,0.08675799086757988,0.0,0.11214611872146121,0.09616438356164383,0.1284018264840183,0.151324200913242,0.09415525114155252,0.12940639269406393,0.13114155251141554
0.27999999999999997,0.07407407407407407,0.0,0.10740740740740745,0.07814814814814815,0.12148148148148152,0.14444444444444443,0.08703703703703705,0.12185185185185188,0.12851851851851853
0.29,0.061032863849765195,0.0,0.13539906103286384,0.07737089201877936,0.10788732394366193,0.12873239436619718,0.07737089201877928,0.11427230046948356,0.1236619718309859
0.3,0.04761904761904756,0.0,0.1276190476190476,0.0819047619047619,0.09999999999999998,0.13523809523809524,0.06476190476190469,0.11523809523809522,0.11904761904761901
0.30999999999999994,0.033816425120772986,0.0,0.11961352657004837,0.07507246376811594,0.09033816425120778,0.11458937198067634,0.045120772946859955,0.11101449275362324,0.1206763285024155
0.31999999999999995,0.019607843137254943,0.0,0.11137254901960789,0.07568627450980392,0.07686274509803925,0.11333333333333334,0.04431372549019613,0.10392156862745103,0.12313725490196081
0.32999999999999996,0.00497512437810943,0.0,0.10288557213930352,0.04716417910447762,0.07990049751243783,0.11572139303482587,0.03771144278606969,0.09014925373134333,0.11661691542288558
0.33999999999999997,-0.010101010101010055,0.0,0.1355555555555556,0.042424242424242434,0.07696969696969702,0.1187878787878788,0.027878787878787947,0.08646464646464655,0.10666666666666672
0.3499999999999999,-0.02564102564102555,0.0,0.1287179487179488,0.05538461538461539,0.07435897435897446,0.11897435897435901,0.02512820512820524,0.08307692307692319,0.096923076923077
0.35999999999999993,-0.041666666666666574,0.0,0.12166666666666676,0.04208333333333334,0.07583333333333342,0.12041666666666673,0.037916666666666765,0.0875000000000001,0.09791666666666674
0.36999999999999994,-0.05820105820105814,0.0,0.11439153439153446,0.032169312169312174,0.05957671957671967,0.1190476190476191,0.03693121693121704,0.07841269841269849,0.07449735449735459
0.37999999999999995,-0.07526881720430101,0.0,0.1068817204301076,0.02924731182795699,0.05784946236559149,0.11849462365591404,0.028387096774193654,0.06817204301075278,0.07225806451612915
0.38999999999999996,-0.09289617486338791,0.0,0.09912568306010935,0.029071038251366123,0.04316939890710389,0.11693989071038258,0.045355191256830685,0.07038251366120227,0.06612021857923506
0.3999999999999999,-0.111111111111111,0.0,0.07777777777777783,0.02666666666666667,0.03333333333333341,0.10888888888888895,0.03333333333333349,0.07333333333333344,0.07777777777777789
0.4099999999999999,-0.12994350282485873,0.0,0.05615819209039555,0.013333333333333334,0.021129943502824933,0.11028248587570624,0.019435028248587616,0.07242937853107353,0.07706214689265542
0.41999999999999993,-0.14942528735632177,0.0,0.04574712643678169,0.006666666666666667,0.01563218390804605,0.07632183908045981,0.010344827586206973,0.07195402298850584,0.08160919540229894
0.42999999999999994,-0.1695906432748538,0.0,0.030409356725146247,0.006666666666666667,0.010175438596491282,0.08596491228070179,-0.015087719298245539,0.06023391812865503,0.0719298245614036
0.43999999999999995,-0.19047619047619052,0.0,0.014761904761904782,0.006666666666666667,-0.0019047619047618536,0.08619047619047622,-0.01714285714285707,0.04333333333333339,0.0671428571428572
0.4499999999999999,-0.212121212121212,0.0,0.0042424242424242975,0.0,-0.007272727272727153,0.09757575757575761,-0.018787878787878687,0.043636363636363695,0.06242424242424255
0.4599999999999999,-0.2345679012345679,0.0,-0.005185185185185154,0.0,-0.018271604938271513,0.10913580246913583,-0.02666666666666656,0.0558024691358025,0.05209876543209885
0.4699999999999999,-0.2578616352201258,0.0,-0.015723270440251513,0.0,-0.02377358490566034,0.09056603773584908,-0.02150943396226407,0.05761006289308182,0.03471698113207555
0.4799999999999999,-0.282051282051282,0.0,-0.025641025641025578,0.0,-0.023076923076922995,0.07333333333333333,-0.02820512820512816,0.05384615384615388,0.02974358974358976
0.48999999999999994,-0.3071895424836601,0.0,-0.023137254901960752,0.0,-0.04130718954248358,0.05673202614379087,-0.04078431372549013,0.03686274509803927,0.03124183006535952
0.49999999999999994,-0.3333333333333333,0.0,-0.026666666666666644,0.0,-0.039999999999999925,0.053333333333333344,-0.03333333333333327,0.026666666666666727,0.03333333333333338
0.5099999999999999,-0.3605442176870746,0.0,-0.02285714285714277,0.0,-0.05197278911564612,0.05061224489795921,-0.05224489795918352,0.016054421768707583,0.02911564625850349
0.5199999999999999,-0.3888888888888888,0.0,-0.03277777777777771,0.0,-0.07111111111111104,0.05500000000000002,-0.06444444444444436,0.005555555555555647,0.046666666666666745
0.5299999999999999,-0.4184397163120565,0.0,-0.043120567375886404,0.0,-0.07659574468085092,0.032340425531914935,-0.07659574468085092,0.009361702127659743,0.04354609929078024
0.5399999999999999,-0.4492753623188404,0.0,-0.030434782608695615,0.0,-0.07420289855072451,0.0373913043478261,-0.08869565217391301,0.00608695652173924,0.02724637681159431
0.5499999999999999,-0.48148148148148134,0.0,-0.032592592592592534,0.0,-0.09407407407407398,0.05259259259259261,-0.0925925925925925,-0.0037037037037036535,0.004444444444444529
0.5599999999999999,-0.5151515151515151,0.0,-0.03454545454545452,0.0,-0.10606060606060597,0.05454545454545455,-0.08909090909090905,-0.006666666666666654,-0.006666666666666654
0.57,-0.5503875968992247,0.0,-0.04511627906976737,0.0,-0.11131782945736429,0.05348837209302326,-0.0936434108527131,-0.016124031007751893,-0.0006201550387596177
0.58,-0.5873015873015872,0.0,-0.03523809523809518,0.0,-0.10730158730158723,0.05238095238095239,-0.08888888888888885,-0.018730158730158708,0.0155555555555556
0.59,-0.6260162601626016,0.0,-0.036097560975609705,0.0,-0.11869918699186985,0.04455284552845529,-0.09284552845528449,-0.021138211382113803,-0.0019512195121950682
0.6,-0.6666666666666667,0.0,-0.05333333333333329,0.0,-0.11333333333333326,0.02333333333333334,-0.11333333333333326,-0.046666666666666634,-0.019999999999999962
