model_a,model_b,contrast_role,n_patients,n_positive,n_negative,n_boot,valid_fraction,delta_auprc,delta_auprc_ci_low,delta_auprc_ci_high,delta_auprc_sign_prob,delta_roc_auc,delta_roc_auc_ci_low,delta_roc_auc_ci_high,delta_roc_auc_sign_prob,delta_brier,delta_brier_ci_low,delta_brier_ci_high,delta_brier_sign_prob
cnv_token_cross_attention,late_mean,supplementary_post_hoc,150,50,100,5000,1.0,-0.1224588311177881,-0.19532001229179655,-0.03480172575933156,0.007600000000000051,-0.08420000000000005,-0.13409412521440817,-0.0341987078197616,0.00039999999999995595,0.05964498654098804,0.022651659509616135,0.09977387025144067,0.0028
cnv_token_cross_attention,cnv_only,supplementary_post_hoc,150,50,100,5000,1.0,-0.03130600011476403,-0.15748703077889348,0.12136954986102282,0.76,0.026999999999999913,-0.10539102874676994,0.15836170231385874,0.6756,0.02785601804824217,-0.03315191845607869,0.0900755618679114,0.3556
cnv_token_cross_attention,image_only,supplementary_post_hoc,150,50,100,5000,1.0,-0.049886908311494005,-0.11811635902107022,0.013903273926447227,0.12959999999999994,-0.041200000000000125,-0.08648479700424516,0.0031689443454149258,0.07240000000000002,-0.0014461049201297538,-0.032147740224781764,0.030282621804594265,0.9204000000000001
foundation_ensemble_fusion,late_mean,supplementary_post_hoc,150,50,100,5000,1.0,0.00595846254240906,-0.09802354745687664,0.09646366297725996,0.9788,-0.04620000000000002,-0.11362020818428371,0.020805970903212633,0.17199999999999993,0.024008937035038397,-0.007500202331558035,0.05604432261956875,0.1324
foundation_ensemble_fusion,cnv_only,supplementary_post_hoc,150,50,100,5000,1.0,0.09711129354543313,-0.05345332952634121,0.24355753260086213,0.1992,0.06499999999999995,-0.060411439624205476,0.19467300258937428,0.3008,-0.007780031457707476,-0.05700244268312328,0.04023208651690319,0.7567999999999999
foundation_ensemble_fusion,image_only,supplementary_post_hoc,150,50,100,5000,1.0,0.07853038534870316,-0.036754741346819615,0.16203590965072825,0.2052,-0.0032000000000000917,-0.06815435681163176,0.060832632879276496,0.9323999999999999,-0.0370821544260794,-0.07611407826309304,0.003017662459717873,0.06840000000000002
hierarchical_patient_fusion,late_mean,supplementary_post_hoc,150,50,100,5000,1.0,0.0011271887591151053,-0.1083239256580093,0.13242552653128548,0.9,0.023600000000000065,-0.05091968513621547,0.10222278815317874,0.5524,-0.004350154646614424,-0.03955957551136238,0.03269970871476444,0.7984
hierarchical_patient_fusion,cnv_only,supplementary_post_hoc,150,50,100,5000,1.0,0.09228001976213918,-0.024307794612206505,0.23346321324097438,0.1184,0.13480000000000003,0.032959850606909424,0.23430895032629295,0.0092,-0.036139123139360296,-0.08281625586498081,0.010548978204912978,0.12840000000000007
hierarchical_patient_fusion,image_only,supplementary_post_hoc,150,50,100,5000,1.0,0.0736991115654092,-0.06299088622673849,0.20795337241762055,0.2872,0.06659999999999999,-0.019205436893203875,0.15154763191029988,0.126,-0.06544124610773222,-0.11425745623233814,-0.017301689051970007,0.011200000000000099
low_rank_bilinear_fusion,late_mean,supplementary_post_hoc,150,50,100,5000,1.0,-0.11532522457130201,-0.20649782140522802,-0.032659092866869154,0.006000000000000005,-0.1078,-0.18371447440391842,-0.04034195782683272,0.0020000000000000018,0.05956204052244651,0.029139447818825267,0.09291243957451074,0.0
low_rank_bilinear_fusion,cnv_only,supplementary_post_hoc,150,50,100,5000,1.0,-0.02417239356827794,-0.1351491695048184,0.0900500226944436,0.6839999999999999,0.0033999999999999586,-0.11269829952182903,0.1186587469357332,0.9696,0.02777307202970064,-0.022499035047880447,0.07773828850554307,0.2776
low_rank_bilinear_fusion,image_only,supplementary_post_hoc,150,50,100,5000,1.0,-0.04275330176500791,-0.15963509249096713,0.050984212951046305,0.34040000000000004,-0.06480000000000008,-0.1466991659872045,0.011005894024276376,0.10159999999999991,-0.0015290509386712836,-0.04024482359404446,0.037696602172835825,0.956
multitask_temporal_fusion,late_mean,supplementary_post_hoc,150,50,100,5000,1.0,-0.09582875036341043,-0.17302988384847212,-0.020308619288504956,0.018399999999999972,-0.07399999999999995,-0.1308022264437689,-0.01633745133642762,0.015600000000000058,0.04659656580520263,0.01639516557958702,0.07911418923150426,0.0028
multitask_temporal_fusion,cnv_only,supplementary_post_hoc,150,50,100,5000,1.0,-0.00467591936038636,-0.11360300887204676,0.12126986708131295,0.9876,0.03720000000000001,-0.07292084447415337,0.15367356457003403,0.5148,0.01480759731245676,-0.0374526235767375,0.068150162539344,0.5932
multitask_temporal_fusion,image_only,supplementary_post_hoc,150,50,100,5000,1.0,-0.023256827557116333,-0.13011110296109005,0.0651788919366756,0.5664,-0.031000000000000028,-0.09851175318612289,0.03780860748554733,0.38880000000000003,-0.014494525655915164,-0.04736729948392236,0.017588003606195668,0.3844000000000001
optimal_transport_fusion,late_mean,supplementary_post_hoc,150,50,100,5000,1.0,-0.06494180125597504,-0.14622943912588834,0.0275635509383836,0.1803999999999999,-0.046599999999999975,-0.11460331812255545,0.01870605533751076,0.1604000000000001,0.01715395717603954,-0.0012610539555239146,0.03629767437190216,0.064
optimal_transport_fusion,cnv_only,supplementary_post_hoc,150,50,100,5000,1.0,0.02621102974704903,-0.10603083973124218,0.17639563942123865,0.6356,0.06459999999999999,-0.05490853440038211,0.18696759260061546,0.2988,-0.014635011316706331,-0.0525272086221528,0.023531761347601182,0.47
optimal_transport_fusion,image_only,supplementary_post_hoc,150,50,100,5000,1.0,0.007630121550319058,-0.08342924298053561,0.08934587494048153,0.888,-0.0036000000000000476,-0.07209614676173506,0.06300416828275437,0.9219999999999999,-0.043937134285078255,-0.07992998223013399,-0.007598853967431901,0.012799999999999923
reliability_gated_fusion,late_mean,supplementary_post_hoc,150,50,100,5000,1.0,-0.1277493307018165,-0.21795056380234482,-0.03751635876200173,0.005600000000000049,-0.09220000000000006,-0.1546926537588677,-0.030231453687821597,0.0027999999999999137,0.04178084419756889,0.013732423738859478,0.07072037308989503,0.0044
reliability_gated_fusion,cnv_only,supplementary_post_hoc,150,50,100,5000,1.0,-0.03659649969879242,-0.15429665140831167,0.08956823693669562,0.5848,0.018999999999999906,-0.1038061208576998,0.14000970461888748,0.7804,0.009991875704823017,-0.037963805489231575,0.058568419580247916,0.7124
reliability_gated_fusion,image_only,supplementary_post_hoc,150,50,100,5000,1.0,-0.05517740789552239,-0.16880529074742015,0.04224077574293361,0.25839999999999996,-0.04920000000000013,-0.11784631431370553,0.01865401363371119,0.14640000000000009,-0.019310247263548908,-0.05029416243785774,0.012316721996925066,0.23199999999999998
