result_id,analysis_set,aggregation,endpoint,clinical_definition,evaluation_design,model_family,manifest_model_name,model_key,fusion_type,feature_model,join_key,n_prediction_files,removed_current_event_rows,roc_auc,auprc,accuracy,balanced_accuracy,sensitivity,specificity,ppv,npv,tp,fp,tn,fn,progressors_detected,progressors_missed,false_positives_per_detected_progressor,brier_score,ece,sensitivity_at_90_specificity,threshold_at_90_specificity,sensitivity_at_95_specificity,threshold_at_95_specificity,specificity_at_90_sensitivity,threshold_at_90_sensitivity,specificity_at_95_sensitivity,threshold_at_95_sensitivity,threshold_used,n_units,n_patients,n_positive_patients,n_negative_patients,auprc_ci_high,auprc_ci_low,npv_ci_high,npv_ci_low,ppv_ci_high,ppv_ci_low,roc_auc_ci_high,roc_auc_ci_low,sensitivity_ci_high,sensitivity_ci_low,specificity_ci_high,specificity_ci_low
lgd2_cnv_core,early_prediction_only,patient_max,NextBiopsyProgression_LGD2plus,HGD/IMC/OAC or two consecutive LGD biopsies,5-fold patient-disjoint CV,CNV-only,cnv_random_forest,model_name=cnv_random_forest; cnv_variant=windows_armdiff_plus_arms_plus_cx; cnv_mask_name=none,none,cnv_anchor,prediction.patient_id; sample_id->basename(CNVAbsPath) for timing/biopsy,5,165,0.6736,0.5528493197781029,0.7333333333333333,0.62,0.28,0.96,0.7777777777777778,0.7272727272727273,14,4,96,36,14,36,0.2857142857142857,0.20134236646394418,0.08183511943082668,0.38,0.4598624206641796,0.28,0.4924841792180284,0.22,0.2419782940078743,0.14,0.1825183477899469,0.5,150,150,50,100,0.7072003015621716,0.41029998986204014,0.8052771855010661,0.6428115106286748,0.9523809523809523,0.5555555555555556,0.7669433976560921,0.5828052890145281,0.4157411067193675,0.15735294117647058,0.9903402725914862,0.9230769230769231
lgd2_cnv_core,early_prediction_only,patient_mean,NextBiopsyProgression_LGD2plus,HGD/IMC/OAC or two consecutive LGD biopsies,5-fold patient-disjoint CV,CNV-only,cnv_random_forest,model_name=cnv_random_forest; cnv_variant=windows_armdiff_plus_arms_plus_cx; cnv_mask_name=none,none,cnv_anchor,prediction.patient_id; sample_id->basename(CNVAbsPath) for timing/biopsy,5,165,0.7054,0.6351163441088867,0.68,0.52,0.04,1.0,1.0,0.6756756756756757,2,0,100,48,2,48,0.0,0.20203843784162093,0.08999978917631664,0.34,0.34731900924112646,0.32,0.37360948931779386,0.3,0.17566376692683922,0.14,0.1403281283819517,0.5,150,150,50,100,0.7435424610874718,0.512827590249582,0.7491921768707482,0.6013513513513513,1.0,1.0,0.7977022222222222,0.6179212161214452,0.10107142857142853,0.0,1.0,1.0
lgd2_cnv_core,early_prediction_only,biopsy_max,NextBiopsyProgression_LGD2plus,HGD/IMC/OAC or two consecutive LGD biopsies,5-fold patient-disjoint CV,CNV-only,cnv_random_forest,model_name=cnv_random_forest; cnv_variant=windows_armdiff_plus_arms_plus_cx; cnv_mask_name=none,none,cnv_anchor,prediction.patient_id; sample_id->basename(CNVAbsPath) for timing/biopsy,5,165,0.697921273772667,0.3175433215254625,0.8290155440414507,0.5720182809966092,0.19047619047619047,0.9535603715170279,0.4444444444444444,0.8579387186629527,12,15,308,51,12,51,1.25,0.1435151954290856,0.12993793581034505,0.3333333333333333,0.4406097402158297,0.20634920634920634,0.4947769752568875,0.33126934984520123,0.2214477870298248,0.19504643962848298,0.175,0.5,386,150,50,100,,,,,,,,,,,,
lgd2_cnv_core,early_prediction_only,biopsy_mean,NextBiopsyProgression_LGD2plus,HGD/IMC/OAC or two consecutive LGD biopsies,5-fold patient-disjoint CV,CNV-only,cnv_random_forest,model_name=cnv_random_forest; cnv_variant=windows_armdiff_plus_arms_plus_cx; cnv_mask_name=none,none,cnv_anchor,prediction.patient_id; sample_id->basename(CNVAbsPath) for timing/biopsy,5,165,0.7081920487493243,0.33026196930719603,0.8393782383419689,0.5462676298589612,0.1111111111111111,0.9814241486068112,0.5384615384615384,0.8498659517426274,7,6,317,56,7,56,0.8571428571428571,0.13533971658173688,0.10804192668887057,0.3968253968253968,0.3828911622684849,0.19047619047619047,0.4407893943874281,0.20123839009287925,0.15801496574953666,0.15479876160990713,0.14483781603833423,0.5,386,150,50,100,,,,,,,,,,,,
lgd2_cnv_core,early_prediction_only,sample,NextBiopsyProgression_LGD2plus,HGD/IMC/OAC or two consecutive LGD biopsies,5-fold patient-disjoint CV,CNV-only,cnv_random_forest,model_name=cnv_random_forest; cnv_variant=windows_armdiff_plus_arms_plus_cx; cnv_mask_name=none,none,cnv_anchor,prediction.patient_id; sample_id->basename(CNVAbsPath) for timing/biopsy,5,165,0.6634727596584976,0.3364759298359594,0.8157181571815718,0.5394140409065782,0.1037037037037037,0.9751243781094527,0.4827586206896552,0.8293370944992948,14,15,588,121,14,121,1.0714285714285714,0.1467655094244826,0.08808238011892094,0.34074074074074073,0.385,0.18518518518518517,0.4513032844261453,0.12769485903814262,0.1225,0.06135986733001658,0.095,0.5,738,150,50,100,,,,,,,,,,,,
lgd2_image_gigapath,early_prediction_only,patient_max,NextBiopsyProgression_LGD2plus,HGD/IMC/OAC or two consecutive LGD biopsies,5-fold patient-disjoint CV,histology-only,set_transformer_lite,model_name=set_transformer_lite,none,gigapath,prediction.patient_id; sample_id->basename(CNVAbsPath) for timing/biopsy,5,165,0.7326,0.5783447555787824,0.66,0.6950000000000001,0.8,0.59,0.49382716049382713,0.855072463768116,40,41,59,10,40,10,1.025,0.2507598200340921,0.21043607950986676,0.4,0.8505200743675232,0.28,0.8877171874046326,0.35,0.2742812931537628,0.23,0.1555967479944229,0.5,150,150,50,100,0.7260532231189132,0.4339239008791309,0.9375,0.7681159420289855,0.6027620663650075,0.3811572120643851,0.8176588849487785,0.6456348184787762,0.9182084309133489,0.6739202657807308,0.6869178921568627,0.49504950495049505
lgd2_image_gigapath,early_prediction_only,patient_mean,NextBiopsyProgression_LGD2plus,HGD/IMC/OAC or two consecutive LGD biopsies,5-fold patient-disjoint CV,histology-only,set_transformer_lite,model_name=set_transformer_lite,none,gigapath,prediction.patient_id; sample_id->basename(CNVAbsPath) for timing/biopsy,5,165,0.697,0.5458999789692462,0.68,0.64,0.52,0.76,0.52,0.76,26,24,76,24,26,24,0.9230769230769231,0.2220141786125203,0.15846982863510353,0.22,0.7722449728420803,0.22,0.8254406452178955,0.32,0.1515010520815849,0.11,0.0759570043883286,0.5,150,150,50,100,0.6820122144494843,0.4044846455390515,0.8445956829896907,0.6839285714285714,0.6491203703703703,0.37631944444444443,0.7865498156845887,0.6037032064550992,0.6700320512820511,0.3943480747235989,0.8397866226461237,0.6769176136363637
lgd2_image_gigapath,early_prediction_only,biopsy_max,NextBiopsyProgression_LGD2plus,HGD/IMC/OAC or two consecutive LGD biopsies,5-fold patient-disjoint CV,histology-only,set_transformer_lite,model_name=set_transformer_lite,none,gigapath,prediction.patient_id; sample_id->basename(CNVAbsPath) for timing/biopsy,5,165,0.7088800432453684,0.310147259898947,0.655440414507772,0.6663472406506462,0.6825396825396826,0.6501547987616099,0.27564102564102566,0.9130434782608695,43,113,210,20,43,20,2.627906976744186,0.2418891776823654,0.26274783813474223,0.30158730158730157,0.852691113948822,0.15873015873015872,0.8859463930130005,0.4086687306501548,0.2035393267869949,0.21362229102167182,0.1078100949525833,0.5,386,150,50,100,,,,,,,,,,,,
lgd2_image_gigapath,early_prediction_only,biopsy_mean,NextBiopsyProgression_LGD2plus,HGD/IMC/OAC or two consecutive LGD biopsies,5-fold patient-disjoint CV,histology-only,set_transformer_lite,model_name=set_transformer_lite,none,gigapath,prediction.patient_id; sample_id->basename(CNVAbsPath) for timing/biopsy,5,165,0.6889773453240946,0.28220243051508037,0.6787564766839378,0.6291709666322669,0.5555555555555556,0.7027863777089783,0.26717557251908397,0.8901960784313725,35,96,227,28,35,28,2.742857142857143,0.2207394055077971,0.2211695699610851,0.2698412698412698,0.8291304111480713,0.1746031746031746,0.8787559270858765,0.28173374613003094,0.1245271265506744,0.15789473684210525,0.07477471586316822,0.5,386,150,50,100,,,,,,,,,,,,
lgd2_image_gigapath,early_prediction_only,sample,NextBiopsyProgression_LGD2plus,HGD/IMC/OAC or two consecutive LGD biopsies,5-fold patient-disjoint CV,histology-only,set_transformer_lite,model_name=set_transformer_lite,none,gigapath,prediction.patient_id; sample_id->basename(CNVAbsPath) for timing/biopsy,5,165,0.654406977458387,0.29726813597259727,0.6734417344173442,0.6219458264234383,0.5407407407407407,0.703150912106136,0.2896825396825397,0.8724279835390947,73,179,424,62,73,62,2.452054794520548,0.23002024236987273,0.22421307859281053,0.23703703703703705,0.8431894183158875,0.18518518518518517,0.879274845123291,0.12769485903814262,0.0442633256316185,0.06301824212271974,0.0093836849555373,0.5,738,150,50,100,,,,,,,,,,,,
lgd2_image_uni2,early_prediction_only,patient_max,NextBiopsyProgression_LGD2plus,HGD/IMC/OAC or two consecutive LGD biopsies,5-fold patient-disjoint CV,histology-only,abmil; set_transformer_lite,model_name=abmil,none,uni2,prediction.patient_id; sample_id->basename(CNVAbsPath) for timing/biopsy,10,165,0.8014,0.705598826522869,0.62,0.6699999999999999,0.82,0.52,0.4606741573033708,0.8524590163934426,41,48,52,9,41,9,1.170731707317073,0.21964353492552927,0.22128857955336576,0.44,0.8002470135688782,0.44,0.8099997043609619,0.46,0.4447703957557678,0.35,0.3555143177509308,0.5,150,150,50,100,0.8254453988024104,0.5708018206661821,0.9339071038251366,0.7657829122340426,0.5633245208195637,0.3480581338544211,0.8807068170106738,0.71717673178271,0.92,0.7051804812834225,0.6212857142857142,0.42424242424242425
lgd2_image_uni2,early_prediction_only,patient_mean,NextBiopsyProgression_LGD2plus,HGD/IMC/OAC or two consecutive LGD biopsies,5-fold patient-disjoint CV,histology-only,abmil; set_transformer_lite,model_name=abmil,none,uni2,prediction.patient_id; sample_id->basename(CNVAbsPath) for timing/biopsy,10,165,0.787,0.7015871006517749,0.72,0.69,0.6,0.78,0.5769230769230769,0.7959183673469388,30,22,78,20,30,20,0.7333333333333333,0.17581192173838453,0.15535964990734966,0.48,0.57075035572052,0.46,0.6015915423631668,0.52,0.30553722381591797,0.24,0.2155897572636604,0.5,150,150,50,100,0.8155482024937137,0.5807635977081721,0.8738613861386137,0.7120174380346568,0.7211666666666666,0.43260266370699224,0.8672397251441368,0.6986404927069838,0.7334361393323656,0.4771739130434783,0.8557692307692307,0.6972407537453184
lgd2_image_uni2,early_prediction_only,biopsy_max,NextBiopsyProgression_LGD2plus,HGD/IMC/OAC or two consecutive LGD biopsies,5-fold patient-disjoint CV,histology-only,abmil; set_transformer_lite,model_name=abmil,none,uni2,prediction.patient_id; sample_id->basename(CNVAbsPath) for timing/biopsy,10,165,0.7689321342572116,0.4444458221309871,0.6502590673575129,0.669639785738857,0.6984126984126984,0.6408668730650154,0.275,0.915929203539823,44,116,207,19,44,19,2.6363636363636362,0.21985897626949916,0.2949174348786087,0.4126984126984127,0.7701636552810669,0.3333333333333333,0.8275101780891418,0.4551083591331269,0.3520655333995819,0.29411764705882354,0.2528954744338989,0.5,386,150,50,100,,,,,,,,,,,,
lgd2_image_uni2,early_prediction_only,biopsy_mean,NextBiopsyProgression_LGD2plus,HGD/IMC/OAC or two consecutive LGD biopsies,5-fold patient-disjoint CV,histology-only,abmil; set_transformer_lite,model_name=abmil,none,uni2,prediction.patient_id; sample_id->basename(CNVAbsPath) for timing/biopsy,10,165,0.7642144577129097,0.41666773268043067,0.6968911917098446,0.6719494815470047,0.6349206349206349,0.7089783281733746,0.29850746268656714,0.9087301587301587,40,94,229,23,40,23,2.35,0.19270439402816691,0.2504364107023578,0.36507936507936506,0.7204069197177887,0.2222222222222222,0.8095452785491943,0.47058823529411764,0.3057866245508194,0.3188854489164087,0.23841252923011774,0.5,386,150,50,100,,,,,,,,,,,,
lgd2_image_uni2,early_prediction_only,sample,NextBiopsyProgression_LGD2plus,HGD/IMC/OAC or two consecutive LGD biopsies,5-fold patient-disjoint CV,histology-only,abmil; set_transformer_lite,model_name=abmil,none,uni2,prediction.patient_id; sample_id->basename(CNVAbsPath) for timing/biopsy,10,165,0.7562434739880842,0.44364409125467413,0.7059620596205962,0.6705914870093974,0.6148148148148148,0.7263681592039801,0.3346774193548387,0.8938775510204081,83,165,438,52,83,52,1.9879518072289157,0.19024428066302065,0.22267497572189746,0.3851851851851852,0.7129784822463989,0.28888888888888886,0.804499626159668,0.3963515754560531,0.2528954744338989,0.24212271973466004,0.1702282130718231,0.5,738,150,50,100,,,,,,,,,,,,
lgd2_image_uni2,early_prediction_only,patient_max,NextBiopsyProgression_LGD2plus,HGD/IMC/OAC or two consecutive LGD biopsies,5-fold patient-disjoint CV,histology-only,abmil; set_transformer_lite,model_name=set_transformer_lite,none,uni2,prediction.patient_id; sample_id->basename(CNVAbsPath) for timing/biopsy,10,165,0.8014,0.6612616863863175,0.66,0.7150000000000001,0.88,0.55,0.4943820224719101,0.9016393442622951,44,45,55,6,44,6,1.0227272727272727,0.2208046851603844,0.22804056279361248,0.54,0.7879326343536377,0.4,0.866441011428833,0.51,0.4448414444923401,0.33,0.2991114556789398,0.5,150,150,50,100,0.8143784774443146,0.5073032907461337,0.96775956284153,0.8252860411899313,0.6114542483660131,0.3793103448275862,0.8806731103151925,0.7161180431768667,0.9615384615384616,0.7843137254901961,0.6534733124018838,0.4595714285714286
lgd2_image_uni2,early_prediction_only,patient_mean,NextBiopsyProgression_LGD2plus,HGD/IMC/OAC or two consecutive LGD biopsies,5-fold patient-disjoint CV,histology-only,abmil; set_transformer_lite,model_name=set_transformer_lite,none,uni2,prediction.patient_id; sample_id->basename(CNVAbsPath) for timing/biopsy,10,165,0.787,0.6677666540674936,0.7533333333333333,0.72,0.62,0.82,0.6326530612244898,0.8118811881188119,31,18,82,19,31,19,0.5806451612903226,0.17415154953256967,0.07342375856813803,0.44,0.6324211806058884,0.3,0.6947750449180603,0.53,0.27740222712357837,0.27,0.16524751037359234,0.5,150,150,50,100,0.798155997502523,0.5434355428325961,0.8883956386292834,0.7329867986798679,0.765362953692115,0.5,0.8618718390416756,0.7115437459697139,0.758602863202545,0.5,0.8883503401360544,0.7549019607843137
lgd2_image_uni2,early_prediction_only,biopsy_max,NextBiopsyProgression_LGD2plus,HGD/IMC/OAC or two consecutive LGD biopsies,5-fold patient-disjoint CV,histology-only,abmil; set_transformer_lite,model_name=set_transformer_lite,none,uni2,prediction.patient_id; sample_id->basename(CNVAbsPath) for timing/biopsy,10,165,0.7454420364637083,0.36292972378021227,0.6683937823834197,0.6932527396923682,0.7301587301587301,0.6563467492260062,0.2929936305732484,0.925764192139738,46,111,212,17,46,17,2.4130434782608696,0.2206701670147454,0.2711125643118019,0.4126984126984127,0.7890424132347107,0.2698412698412698,0.8642910718917847,0.24148606811145512,0.1457103639841079,0.1609907120743034,0.0979733914136886,0.5,386,150,50,100,,,,,,,,,,,,
lgd2_image_uni2,early_prediction_only,biopsy_mean,NextBiopsyProgression_LGD2plus,HGD/IMC/OAC or two consecutive LGD biopsies,5-fold patient-disjoint CV,histology-only,abmil; set_transformer_lite,model_name=set_transformer_lite,none,uni2,prediction.patient_id; sample_id->basename(CNVAbsPath) for timing/biopsy,10,165,0.7333529903189346,0.35085063230659247,0.7202072538860104,0.6986584107327141,0.6666666666666666,0.7306501547987616,0.32558139534883723,0.9182879377431906,42,87,236,21,42,21,2.0714285714285716,0.19508255537346678,0.2359104509632049,0.36507936507936506,0.7345512062311172,0.2222222222222222,0.8339450359344482,0.19195046439628483,0.1107159331440925,0.10835913312693499,0.0756224766373634,0.5,386,150,50,100,,,,,,,,,,,,
lgd2_image_uni2,early_prediction_only,sample,NextBiopsyProgression_LGD2plus,HGD/IMC/OAC or two consecutive LGD biopsies,5-fold patient-disjoint CV,histology-only,abmil; set_transformer_lite,model_name=set_transformer_lite,none,uni2,prediction.patient_id; sample_id->basename(CNVAbsPath) for timing/biopsy,10,165,0.7300780050365456,0.37804097570851725,0.7344173441734417,0.6995024875621891,0.6444444444444445,0.7545605306799337,0.3702127659574468,0.904572564612326,87,148,455,48,87,48,1.7011494252873562,0.18914627784594842,0.20277813901534164,0.3925925925925926,0.7396987676620483,0.25925925925925924,0.8377404808998108,0.2222222222222222,0.1063552126288414,0.12935323383084577,0.0756224766373634,0.5,738,150,50,100,,,,,,,,,,,,
lgd2_image_virchow2,early_prediction_only,patient_max,NextBiopsyProgression_LGD2plus,HGD/IMC/OAC or two consecutive LGD biopsies,5-fold patient-disjoint CV,histology-only,abmil; set_transformer_lite,model_name=abmil,none,virchow2,prediction.patient_id; sample_id->basename(CNVAbsPath) for timing/biopsy,10,165,0.764,0.6643628098081252,0.6333333333333333,0.665,0.76,0.57,0.4691358024691358,0.8260869565217391,38,43,57,12,38,12,1.131578947368421,0.22444710810969462,0.22216543152928353,0.48,0.7538489699363708,0.32,0.8656865358352661,0.41,0.3953336179256439,0.19,0.2980845868587494,0.5,150,150,50,100,0.7938440997872734,0.5166974986869761,0.9167084699980705,0.7259114007954044,0.5860487804878048,0.35714285714285715,0.8466418392624324,0.6796256165455726,0.8810266591038002,0.6415094339622641,0.6700541237113402,0.4802662037037037
lgd2_image_virchow2,early_prediction_only,patient_mean,NextBiopsyProgression_LGD2plus,HGD/IMC/OAC or two consecutive LGD biopsies,5-fold patient-disjoint CV,histology-only,abmil; set_transformer_lite,model_name=abmil,none,virchow2,prediction.patient_id; sample_id->basename(CNVAbsPath) for timing/biopsy,10,165,0.7358,0.6479724921439146,0.7466666666666667,0.6950000000000001,0.54,0.85,0.6428571428571429,0.7870370370370371,27,15,85,23,27,23,0.5555555555555556,0.18711251899767173,0.08517189647826243,0.5,0.5412032559514046,0.3,0.634994645913442,0.34,0.2474321842193603,0.25,0.21677145361900324,0.5,150,150,50,100,0.7693715870856491,0.5098372713159853,0.8638680494263018,0.7086931818181819,0.7901162790697674,0.48799145299145297,0.8246072994091862,0.6491508168191695,0.6696839080459769,0.40226190476190476,0.9179675994108983,0.781420617816092
lgd2_image_virchow2,early_prediction_only,biopsy_max,NextBiopsyProgression_LGD2plus,HGD/IMC/OAC or two consecutive LGD biopsies,5-fold patient-disjoint CV,histology-only,abmil; set_transformer_lite,model_name=abmil,none,virchow2,prediction.patient_id; sample_id->basename(CNVAbsPath) for timing/biopsy,10,165,0.7766966435697086,0.4439341769604885,0.6813471502590673,0.6946041574524546,0.7142857142857143,0.6749226006191951,0.3,0.923728813559322,45,105,218,18,45,18,2.3333333333333335,0.20453718538511423,0.2789414333025177,0.42857142857142855,0.7360615730285645,0.2857142857142857,0.8460791110992432,0.4613003095975232,0.3342075943946838,0.35294117647058826,0.2750356793403625,0.5,386,150,50,100,,,,,,,,,,,,
lgd2_image_virchow2,early_prediction_only,biopsy_mean,NextBiopsyProgression_LGD2plus,HGD/IMC/OAC or two consecutive LGD biopsies,5-fold patient-disjoint CV,histology-only,abmil; set_transformer_lite,model_name=abmil,none,virchow2,prediction.patient_id; sample_id->basename(CNVAbsPath) for timing/biopsy,10,165,0.7593493537765984,0.41601118051978253,0.7383419689119171,0.6839402427637722,0.6031746031746031,0.7647058823529411,0.3333333333333333,0.9080882352941176,38,76,247,25,38,25,2.0,0.18103693736537,0.23382484668805134,0.38095238095238093,0.6622421741485596,0.23809523809523808,0.7857615947723389,0.3281733746130031,0.23589662313461304,0.23219814241486067,0.1931979343295097,0.5,386,150,50,100,,,,,,,,,,,,
lgd2_image_virchow2,early_prediction_only,sample,NextBiopsyProgression_LGD2plus,HGD/IMC/OAC or two consecutive LGD biopsies,5-fold patient-disjoint CV,histology-only,abmil; set_transformer_lite,model_name=abmil,none,virchow2,prediction.patient_id; sample_id->basename(CNVAbsPath) for timing/biopsy,10,165,0.7103249186167926,0.3971626733877505,0.7276422764227642,0.6579878385848534,0.5481481481481482,0.7678275290215588,0.34579439252336447,0.8835877862595419,74,140,463,61,74,61,1.8918918918918919,0.18858693396970905,0.20502490633821016,0.37777777777777777,0.6603363156318665,0.1925925925925926,0.8046639561653137,0.21724709784411278,0.1785910427570343,0.13930348258706468,0.1369183510541916,0.5,738,150,50,100,,,,,,,,,,,,
lgd2_image_virchow2,early_prediction_only,patient_max,NextBiopsyProgression_LGD2plus,HGD/IMC/OAC or two consecutive LGD biopsies,5-fold patient-disjoint CV,histology-only,abmil; set_transformer_lite,model_name=set_transformer_lite,none,virchow2,prediction.patient_id; sample_id->basename(CNVAbsPath) for timing/biopsy,10,165,0.78,0.6508980131324366,0.6866666666666666,0.7,0.74,0.66,0.5211267605633803,0.8354430379746836,37,34,66,13,37,13,0.918918918918919,0.20165353332352273,0.15516253179560105,0.54,0.7745348811149597,0.3,0.8361143469810486,0.44,0.2711375057697296,0.25,0.152258425951004,0.5,150,150,50,100,0.8089978579787209,0.4971594396229124,0.9150086058519793,0.7530863254392667,0.6370553359683794,0.40131944444444445,0.8649517364981728,0.6958171084189164,0.8679245283018868,0.6043968023255814,0.7536521576685971,0.567972972972973
lgd2_image_virchow2,early_prediction_only,patient_mean,NextBiopsyProgression_LGD2plus,HGD/IMC/OAC or two consecutive LGD biopsies,5-fold patient-disjoint CV,histology-only,abmil; set_transformer_lite,model_name=set_transformer_lite,none,virchow2,prediction.patient_id; sample_id->basename(CNVAbsPath) for timing/biopsy,10,165,0.7692,0.6256543220965506,0.7133333333333334,0.645,0.44,0.85,0.5945945945945946,0.7522123893805309,22,15,85,28,22,28,0.6818181818181818,0.1779300408715744,0.039724504559923095,0.38,0.5720229625701905,0.32,0.6150696128606796,0.45,0.1620703056454658,0.18,0.10389175266027446,0.5,150,150,50,100,0.7700621479286278,0.48458630682690984,0.8303571428571429,0.6737021857923498,0.7581243469174503,0.43083333333333335,0.8479903634068078,0.69102229966932,0.574468085106383,0.3,0.9146837044534412,0.7733377014172006
lgd2_image_virchow2,early_prediction_only,biopsy_max,NextBiopsyProgression_LGD2plus,HGD/IMC/OAC or two consecutive LGD biopsies,5-fold patient-disjoint CV,histology-only,abmil; set_transformer_lite,model_name=set_transformer_lite,none,virchow2,prediction.patient_id; sample_id->basename(CNVAbsPath) for timing/biopsy,10,165,0.7662784412010418,0.4115521657752664,0.7227979274611399,0.6746523170671777,0.6031746031746031,0.7461300309597523,0.31666666666666665,0.9060150375939849,38,82,241,25,38,25,2.1578947368421053,0.17889208638516554,0.20027118460202847,0.4444444444444444,0.7491248846054077,0.2857142857142857,0.8057766556739807,0.4055727554179567,0.1744507998228073,0.30959752321981426,0.1383737623691558,0.5,386,150,50,100,,,,,,,,,,,,
lgd2_image_virchow2,early_prediction_only,biopsy_mean,NextBiopsyProgression_LGD2plus,HGD/IMC/OAC or two consecutive LGD biopsies,5-fold patient-disjoint CV,histology-only,abmil; set_transformer_lite,model_name=set_transformer_lite,none,virchow2,prediction.patient_id; sample_id->basename(CNVAbsPath) for timing/biopsy,10,165,0.7616590495847462,0.3801730628142346,0.7461139896373057,0.6566416040100251,0.5238095238095238,0.7894736842105263,0.32673267326732675,0.8947368421052632,33,68,255,30,33,30,2.0606060606060606,0.16113560107259842,0.15988266003824694,0.3333333333333333,0.6653961539268494,0.20634920634920634,0.7718285918235779,0.47058823529411764,0.1744507998228073,0.3281733746130031,0.1301140636205673,0.5,386,150,50,100,,,,,,,,,,,,
lgd2_image_virchow2,early_prediction_only,sample,NextBiopsyProgression_LGD2plus,HGD/IMC/OAC or two consecutive LGD biopsies,5-fold patient-disjoint CV,histology-only,abmil; set_transformer_lite,model_name=set_transformer_lite,none,virchow2,prediction.patient_id; sample_id->basename(CNVAbsPath) for timing/biopsy,10,165,0.7682206252687181,0.4042287709271134,0.7574525745257452,0.6676064123825318,0.5259259259259259,0.8092868988391376,0.3817204301075269,0.8840579710144928,71,115,488,64,71,64,1.619718309859155,0.1605336497016795,0.13582001721579834,0.35555555555555557,0.6653961539268494,0.2222222222222222,0.7839269638061523,0.40298507462686567,0.1427627354860305,0.33665008291873966,0.1200307309627533,0.5,738,150,50,100,,,,,,,,,,,,
lgd2_early_fusion_gigapath,early_prediction_only,patient_max,NextBiopsyProgression_LGD2plus,HGD/IMC/OAC or two consecutive LGD biopsies,5-fold patient-disjoint CV,multimodal,early_mean_mlp; early_mean_mlp_timev1,model_name=early_mean_mlp; cnv_variant=windows_armdiff_plus_arms_plus_cx; cnv_mask_name=none; instance_k=0; subsample_mode=uniform; embed_pca_dim=0,early_fusion,gigapath+cnv_anchor,prediction.patient_id; sample_id->basename(CNVAbsPath) for timing/biopsy,10,165,0.8444,0.7383019755447785,0.78,0.765,0.72,0.81,0.6545454545454545,0.8526315789473684,36,19,81,14,36,14,0.5277777777777778,0.15620963594880422,0.10028448950499298,0.54,0.6595214009284973,0.48,0.7576637864112854,0.59,0.3168119490146637,0.53,0.2648046612739563,0.5,150,150,50,100,0.8546058093203174,0.5861055345264745,0.920497737556561,0.7802197802197802,0.7787664783427495,0.5228933566433567,0.9048273155416012,0.7753988844722369,0.8453418803418803,0.5956730769230769,0.8865979381443299,0.7267703349282297
lgd2_early_fusion_gigapath,early_prediction_only,patient_mean,NextBiopsyProgression_LGD2plus,HGD/IMC/OAC or two consecutive LGD biopsies,5-fold patient-disjoint CV,multimodal,early_mean_mlp; early_mean_mlp_timev1,model_name=early_mean_mlp; cnv_variant=windows_armdiff_plus_arms_plus_cx; cnv_mask_name=none; instance_k=0; subsample_mode=uniform; embed_pca_dim=0,early_fusion,gigapath+cnv_anchor,prediction.patient_id; sample_id->basename(CNVAbsPath) for timing/biopsy,10,165,0.8728,0.7724575688727231,0.7533333333333333,0.6599999999999999,0.38,0.94,0.76,0.752,19,6,94,31,19,31,0.3157894736842105,0.15104318192751848,0.10787272409267397,0.5,0.4270718693733215,0.38,0.5052101537585258,0.73,0.22194026317447418,0.52,0.1564039140939712,0.5,150,150,50,100,0.8745930019660824,0.6429952014973987,0.8267716535433071,0.673170882936508,0.9090909090909091,0.5833333333333334,0.9263852091651752,0.8117504456327985,0.5301987153753511,0.2343125,0.9806805451829723,0.8950275397796817
lgd2_early_fusion_gigapath,early_prediction_only,biopsy_max,NextBiopsyProgression_LGD2plus,HGD/IMC/OAC or two consecutive LGD biopsies,5-fold patient-disjoint CV,multimodal,early_mean_mlp; early_mean_mlp_timev1,model_name=early_mean_mlp; cnv_variant=windows_armdiff_plus_arms_plus_cx; cnv_mask_name=none; instance_k=0; subsample_mode=uniform; embed_pca_dim=0,early_fusion,gigapath+cnv_anchor,prediction.patient_id; sample_id->basename(CNVAbsPath) for timing/biopsy,10,165,0.8134552066440611,0.5062013988912365,0.7979274611398963,0.7259324782544596,0.6190476190476191,0.8328173374613003,0.41935483870967744,0.9180887372013652,39,54,269,24,39,24,1.3846153846153846,0.14155412799547124,0.15907862506821321,0.5079365079365079,0.6238265633583069,0.42857142857142855,0.7496559619903564,0.3993808049535604,0.1524018198251724,0.3715170278637771,0.1428745239973068,0.5,386,150,50,100,,,,,,,,,,,,
lgd2_early_fusion_gigapath,early_prediction_only,biopsy_mean,NextBiopsyProgression_LGD2plus,HGD/IMC/OAC or two consecutive LGD biopsies,5-fold patient-disjoint CV,multimodal,early_mean_mlp; early_mean_mlp_timev1,model_name=early_mean_mlp; cnv_variant=windows_armdiff_plus_arms_plus_cx; cnv_mask_name=none; instance_k=0; subsample_mode=uniform; embed_pca_dim=0,early_fusion,gigapath+cnv_anchor,prediction.patient_id; sample_id->basename(CNVAbsPath) for timing/biopsy,10,165,0.8123249299719888,0.46975175810732755,0.8212435233160622,0.6951447245564892,0.5079365079365079,0.8823529411764706,0.45714285714285713,0.9018987341772152,32,38,285,31,32,31,1.1875,0.12815936633750533,0.11333982049527282,0.4603174603174603,0.5264163017272949,0.3492063492063492,0.6578979045152664,0.46439628482972134,0.1440302431583404,0.4086687306501548,0.1284440904855728,0.5,386,150,50,100,,,,,,,,,,,,
lgd2_early_fusion_gigapath,early_prediction_only,sample,NextBiopsyProgression_LGD2plus,HGD/IMC/OAC or two consecutive LGD biopsies,5-fold patient-disjoint CV,multimodal,early_mean_mlp; early_mean_mlp_timev1,model_name=early_mean_mlp; cnv_variant=windows_armdiff_plus_arms_plus_cx; cnv_mask_name=none; instance_k=0; subsample_mode=uniform; embed_pca_dim=0,early_fusion,gigapath+cnv_anchor,prediction.patient_id; sample_id->basename(CNVAbsPath) for timing/biopsy,10,165,0.7934033536023586,0.4537073664303771,0.8021680216802168,0.6690989496959646,0.45925925925925926,0.87893864013267,0.45925925925925926,0.87893864013267,62,73,530,73,62,73,1.1774193548387097,0.13928107585568145,0.0913789883769574,0.43703703703703706,0.5604664087295532,0.3037037037037037,0.6846287846565247,0.5024875621890548,0.1450679302215576,0.40298507462686567,0.1108793690800666,0.5,738,150,50,100,,,,,,,,,,,,
lgd2_early_fusion_gigapath,early_prediction_only,patient_max,NextBiopsyProgression_LGD2plus,HGD/IMC/OAC or two consecutive LGD biopsies,5-fold patient-disjoint CV,multimodal,early_mean_mlp; early_mean_mlp_timev1,model_name=early_mean_mlp_timev1; cnv_variant=windows_armdiff_plus_arms_plus_cx; cnv_mask_name=none; instance_k=0; subsample_mode=uniform; embed_pca_dim=0,early_fusion,gigapath+cnv_anchor,prediction.patient_id; sample_id->basename(CNVAbsPath) for timing/biopsy,10,165,0.7788,0.6593754749059992,0.7333333333333333,0.7150000000000001,0.66,0.77,0.5892857142857143,0.8191489361702128,33,23,77,17,33,17,0.696969696969697,0.18175783344598892,0.1327000756515675,0.34,0.6231930255889893,0.3,0.6836352348327637,0.53,0.3653292953968048,0.22,0.114165686070919,0.5,150,150,50,100,0.7798263100772224,0.5348302612307004,0.8863636363636364,0.7390861742424243,0.7244993742177722,0.4432340425531915,0.8566562538709278,0.6990068701333408,0.7813695652173913,0.5208333333333334,0.8519077424333361,0.6754189311594203
lgd2_early_fusion_gigapath,early_prediction_only,patient_mean,NextBiopsyProgression_LGD2plus,HGD/IMC/OAC or two consecutive LGD biopsies,5-fold patient-disjoint CV,multimodal,early_mean_mlp; early_mean_mlp_timev1,model_name=early_mean_mlp_timev1; cnv_variant=windows_armdiff_plus_arms_plus_cx; cnv_mask_name=none; instance_k=0; subsample_mode=uniform; embed_pca_dim=0,early_fusion,gigapath+cnv_anchor,prediction.patient_id; sample_id->basename(CNVAbsPath) for timing/biopsy,10,165,0.7604,0.6520931085049659,0.72,0.61,0.28,0.94,0.7,0.7230769230769231,14,6,94,36,14,36,0.42857142857142855,0.18139684513628257,0.06676916467168796,0.4,0.4754193552592672,0.28,0.5063336578508218,0.51,0.2734035849571228,0.24,0.09821305695368207,0.5,150,150,50,100,0.771586700950067,0.5214066491862331,0.8008015267175572,0.6425522648083625,0.9333333333333333,0.48950000000000005,0.8430834238622896,0.6784873737373738,0.4142346509671993,0.15447612732095492,0.9897959183673469,0.8861903183023873
lgd2_early_fusion_gigapath,early_prediction_only,biopsy_max,NextBiopsyProgression_LGD2plus,HGD/IMC/OAC or two consecutive LGD biopsies,5-fold patient-disjoint CV,multimodal,early_mean_mlp; early_mean_mlp_timev1,model_name=early_mean_mlp_timev1; cnv_variant=windows_armdiff_plus_arms_plus_cx; cnv_mask_name=none; instance_k=0; subsample_mode=uniform; embed_pca_dim=0,early_fusion,gigapath+cnv_anchor,prediction.patient_id; sample_id->basename(CNVAbsPath) for timing/biopsy,10,165,0.7296673055186987,0.40800986898329483,0.7564766839378239,0.6883876357560568,0.5873015873015873,0.7894736842105263,0.3523809523809524,0.9074733096085409,37,68,255,26,37,26,1.837837837837838,0.1840920036418369,0.22836109082645684,0.2857142857142857,0.6168643832206726,0.23809523809523808,0.6886734962463379,0.33126934984520123,0.261739045381546,0.14241486068111456,0.114165686070919,0.5,386,150,50,100,,,,,,,,,,,,
lgd2_early_fusion_gigapath,early_prediction_only,biopsy_mean,NextBiopsyProgression_LGD2plus,HGD/IMC/OAC or two consecutive LGD biopsies,5-fold patient-disjoint CV,multimodal,early_mean_mlp; early_mean_mlp_timev1,model_name=early_mean_mlp_timev1; cnv_variant=windows_armdiff_plus_arms_plus_cx; cnv_mask_name=none; instance_k=0; subsample_mode=uniform; embed_pca_dim=0,early_fusion,gigapath+cnv_anchor,prediction.patient_id; sample_id->basename(CNVAbsPath) for timing/biopsy,10,165,0.6961030026045506,0.39523638765219754,0.7772020725388601,0.6560518944419873,0.47619047619047616,0.8359133126934984,0.3614457831325301,0.8910891089108911,30,53,270,33,30,33,1.7666666666666666,0.17696795187966596,0.20762953081240657,0.3333333333333333,0.5595053434371948,0.19047619047619047,0.655768632888794,0.16408668730650156,0.13087335104743636,0.14860681114551083,0.11377216072287406,0.5,386,150,50,100,,,,,,,,,,,,
lgd2_early_fusion_gigapath,early_prediction_only,sample,NextBiopsyProgression_LGD2plus,HGD/IMC/OAC or two consecutive LGD biopsies,5-fold patient-disjoint CV,multimodal,early_mean_mlp; early_mean_mlp_timev1,model_name=early_mean_mlp_timev1; cnv_variant=windows_armdiff_plus_arms_plus_cx; cnv_mask_name=none; instance_k=0; subsample_mode=uniform; embed_pca_dim=0,early_fusion,gigapath+cnv_anchor,prediction.patient_id; sample_id->basename(CNVAbsPath) for timing/biopsy,10,165,0.676506357103372,0.39573368233625084,0.7696476964769647,0.6549474847982311,0.4740740740740741,0.835820895522388,0.39263803680981596,0.8765217391304347,64,99,504,71,64,71,1.546875,0.18390518169666148,0.20933537059932011,0.34074074074074073,0.5624392032623291,0.21481481481481482,0.6565618515014648,0.11276948590381426,0.032282181084156,0.06799336650082918,0.0043335710652172,0.5,738,150,50,100,,,,,,,,,,,,
lgd2_early_fusion_uni2,early_prediction_only,patient_max,NextBiopsyProgression_LGD2plus,HGD/IMC/OAC or two consecutive LGD biopsies,5-fold patient-disjoint CV,multimodal,early_mean_mlp; early_mean_mlp_timev1,model_name=early_mean_mlp; cnv_variant=windows_armdiff_plus_arms_plus_cx; cnv_mask_name=none; instance_k=0; subsample_mode=uniform; embed_pca_dim=0,early_fusion,uni2+cnv_anchor,prediction.patient_id; sample_id->basename(CNVAbsPath) for timing/biopsy,10,165,0.8644,0.7640232464102903,0.7866666666666666,0.775,0.74,0.81,0.6607142857142857,0.8617021276595744,37,19,81,13,37,13,0.5135135135135135,0.1542691526833309,0.1324229225764672,0.64,0.6089079976081848,0.52,0.7338303923606873,0.6,0.3750661611557007,0.52,0.3243183493614197,0.5,150,150,50,100,0.8734641499826773,0.6260338410697676,0.9290126050420168,0.7885457516339869,0.7899739060618225,0.5306122448979592,0.9242458521870287,0.8034951821074965,0.8632130124777183,0.6122448979591837,0.8865979381443299,0.7342647058823529
lgd2_early_fusion_uni2,early_prediction_only,patient_mean,NextBiopsyProgression_LGD2plus,HGD/IMC/OAC or two consecutive LGD biopsies,5-fold patient-disjoint CV,multimodal,early_mean_mlp; early_mean_mlp_timev1,model_name=early_mean_mlp; cnv_variant=windows_armdiff_plus_arms_plus_cx; cnv_mask_name=none; instance_k=0; subsample_mode=uniform; embed_pca_dim=0,early_fusion,uni2+cnv_anchor,prediction.patient_id; sample_id->basename(CNVAbsPath) for timing/biopsy,10,165,0.8774,0.7986641690736613,0.78,0.695,0.44,0.95,0.8148148148148148,0.7723577235772358,22,5,95,28,22,28,0.22727272727272727,0.14233083636180807,0.09754279212013056,0.68,0.3575963775316873,0.48,0.49152958393096924,0.65,0.2314906120300293,0.54,0.20200822781771416,0.5,150,150,50,100,0.8839960295280505,0.6900887496574404,0.845191409897292,0.6885109243697479,0.9354838709677419,0.6561083743842364,0.9299739010989011,0.8204607954358702,0.5795,0.30385981912144705,0.9819041769041769,0.9045192307692308
lgd2_early_fusion_uni2,early_prediction_only,biopsy_max,NextBiopsyProgression_LGD2plus,HGD/IMC/OAC or two consecutive LGD biopsies,5-fold patient-disjoint CV,multimodal,early_mean_mlp; early_mean_mlp_timev1,model_name=early_mean_mlp; cnv_variant=windows_armdiff_plus_arms_plus_cx; cnv_mask_name=none; instance_k=0; subsample_mode=uniform; embed_pca_dim=0,early_fusion,uni2+cnv_anchor,prediction.patient_id; sample_id->basename(CNVAbsPath) for timing/biopsy,10,165,0.8255442527888348,0.5154790855713235,0.810880829015544,0.7464494569757727,0.6507936507936508,0.8421052631578947,0.44565217391304346,0.9251700680272109,41,51,272,22,41,22,1.2439024390243902,0.15075977967202447,0.19321751342410787,0.5079365079365079,0.6267062425613403,0.4444444444444444,0.7660205960273743,0.47678018575851394,0.2355560809373855,0.32507739938080493,0.1480032950639724,0.5,386,150,50,100,,,,,,,,,,,,
lgd2_early_fusion_uni2,early_prediction_only,biopsy_mean,NextBiopsyProgression_LGD2plus,HGD/IMC/OAC or two consecutive LGD biopsies,5-fold patient-disjoint CV,multimodal,early_mean_mlp; early_mean_mlp_timev1,model_name=early_mean_mlp; cnv_variant=windows_armdiff_plus_arms_plus_cx; cnv_mask_name=none; instance_k=0; subsample_mode=uniform; embed_pca_dim=0,early_fusion,uni2+cnv_anchor,prediction.patient_id; sample_id->basename(CNVAbsPath) for timing/biopsy,10,165,0.8229888446606712,0.5124350754798286,0.844559585492228,0.7410192147034252,0.5873015873015873,0.8947368421052632,0.5211267605633803,0.9174603174603174,37,34,289,26,37,26,0.918918918918919,0.1321382748693626,0.15741742980666917,0.5555555555555556,0.5131241083145142,0.3333333333333333,0.6969809532165527,0.38390092879256965,0.15665870457887643,0.3591331269349845,0.14697987834612522,0.5,386,150,50,100,,,,,,,,,,,,
lgd2_early_fusion_uni2,early_prediction_only,sample,NextBiopsyProgression_LGD2plus,HGD/IMC/OAC or two consecutive LGD biopsies,5-fold patient-disjoint CV,multimodal,early_mean_mlp; early_mean_mlp_timev1,model_name=early_mean_mlp; cnv_variant=windows_armdiff_plus_arms_plus_cx; cnv_mask_name=none; instance_k=0; subsample_mode=uniform; embed_pca_dim=0,early_fusion,uni2+cnv_anchor,prediction.patient_id; sample_id->basename(CNVAbsPath) for timing/biopsy,10,165,0.7818315828266077,0.48454365826287776,0.8184281842818428,0.7020453289110005,0.5185185185185185,0.8855721393034826,0.5035971223021583,0.8914858096828047,70,69,534,65,70,65,0.9857142857142858,0.14151273936914605,0.11893242564390547,0.42962962962962964,0.5712171196937561,0.3851851851851852,0.6803480982780457,0.40630182421227196,0.1450561434030532,0.30514096185737977,0.1170067861676216,0.5,738,150,50,100,,,,,,,,,,,,
lgd2_early_fusion_uni2,early_prediction_only,patient_max,NextBiopsyProgression_LGD2plus,HGD/IMC/OAC or two consecutive LGD biopsies,5-fold patient-disjoint CV,multimodal,early_mean_mlp; early_mean_mlp_timev1,model_name=early_mean_mlp_timev1; cnv_variant=windows_armdiff_plus_arms_plus_cx; cnv_mask_name=none; instance_k=0; subsample_mode=uniform; embed_pca_dim=0,early_fusion,uni2+cnv_anchor,prediction.patient_id; sample_id->basename(CNVAbsPath) for timing/biopsy,10,165,0.7892,0.6810963243784959,0.7066666666666667,0.6799999999999999,0.6,0.76,0.5555555555555556,0.7916666666666666,30,24,76,20,30,20,0.8,0.18192498917167788,0.13431797712148785,0.38,0.6332319974899292,0.32,0.6913179159164429,0.59,0.411080926656723,0.46,0.3391794562339782,0.5,150,150,50,100,0.790360313830523,0.5526831633236341,0.8643431432038835,0.7105614143920596,0.680275974025974,0.4248549323017408,0.8664233064932935,0.7190261458775328,0.7228427895981088,0.4699579831932773,0.837972972972973,0.6775589578960366
lgd2_early_fusion_uni2,early_prediction_only,patient_mean,NextBiopsyProgression_LGD2plus,HGD/IMC/OAC or two consecutive LGD biopsies,5-fold patient-disjoint CV,multimodal,early_mean_mlp; early_mean_mlp_timev1,model_name=early_mean_mlp_timev1; cnv_variant=windows_armdiff_plus_arms_plus_cx; cnv_mask_name=none; instance_k=0; subsample_mode=uniform; embed_pca_dim=0,early_fusion,uni2+cnv_anchor,prediction.patient_id; sample_id->basename(CNVAbsPath) for timing/biopsy,10,165,0.7774,0.6509653354257943,0.7333333333333333,0.615,0.26,0.97,0.8125,0.7238805970149254,13,3,97,37,13,37,0.23076923076923078,0.1823116542971532,0.0886537371365212,0.42,0.45020176966985065,0.3,0.48236411809921265,0.38,0.28543436455462745,0.28,0.2238529223295,0.5,150,150,50,100,0.7736714848045609,0.5246836490695493,0.7985714285714285,0.6428115106286748,1.0,0.5882352941176471,0.8512780446968486,0.705686182110729,0.37233242134062927,0.13571867321867323,1.0,0.9319994343891403
lgd2_early_fusion_uni2,early_prediction_only,biopsy_max,NextBiopsyProgression_LGD2plus,HGD/IMC/OAC or two consecutive LGD biopsies,5-fold patient-disjoint CV,multimodal,early_mean_mlp; early_mean_mlp_timev1,model_name=early_mean_mlp_timev1; cnv_variant=windows_armdiff_plus_arms_plus_cx; cnv_mask_name=none; instance_k=0; subsample_mode=uniform; embed_pca_dim=0,early_fusion,uni2+cnv_anchor,prediction.patient_id; sample_id->basename(CNVAbsPath) for timing/biopsy,10,165,0.7224433633102364,0.3868629474174771,0.7331606217616581,0.6425131456091209,0.5079365079365079,0.7770897832817337,0.3076923076923077,0.8900709219858156,32,72,251,31,32,31,2.25,0.19253192833846158,0.2525961525870036,0.3333333333333333,0.5977363586425781,0.25396825396825395,0.6945211291313171,0.3746130030959752,0.3391794562339782,0.15789473684210525,0.2044792622327804,0.5,386,150,50,100,,,,,,,,,,,,
lgd2_early_fusion_uni2,early_prediction_only,biopsy_mean,NextBiopsyProgression_LGD2plus,HGD/IMC/OAC or two consecutive LGD biopsies,5-fold patient-disjoint CV,multimodal,early_mean_mlp; early_mean_mlp_timev1,model_name=early_mean_mlp_timev1; cnv_variant=windows_armdiff_plus_arms_plus_cx; cnv_mask_name=none; instance_k=0; subsample_mode=uniform; embed_pca_dim=0,early_fusion,uni2+cnv_anchor,prediction.patient_id; sample_id->basename(CNVAbsPath) for timing/biopsy,10,165,0.689468769964126,0.3569066833271412,0.7564766839378239,0.6245024325519681,0.42857142857142855,0.8204334365325078,0.3176470588235294,0.8803986710963455,27,58,265,36,27,36,2.1481481481481484,0.1872474815694559,0.2350357383469627,0.2857142857142857,0.5686643570661545,0.2222222222222222,0.6400837302207947,0.21981424148606812,0.2648725621402263,0.1238390092879257,0.0720548555254936,0.5,386,150,50,100,,,,,,,,,,,,
lgd2_early_fusion_uni2,early_prediction_only,sample,NextBiopsyProgression_LGD2plus,HGD/IMC/OAC or two consecutive LGD biopsies,5-fold patient-disjoint CV,multimodal,early_mean_mlp; early_mean_mlp_timev1,model_name=early_mean_mlp_timev1; cnv_variant=windows_armdiff_plus_arms_plus_cx; cnv_mask_name=none; instance_k=0; subsample_mode=uniform; embed_pca_dim=0,early_fusion,uni2+cnv_anchor,prediction.patient_id; sample_id->basename(CNVAbsPath) for timing/biopsy,10,165,0.6838891959953319,0.39005262345858155,0.7560975609756098,0.6380320619126589,0.45185185185185184,0.824212271973466,0.3652694610778443,0.8704028021015762,61,106,497,74,61,74,1.7377049180327868,0.19058489339982693,0.23087738863023455,0.3111111111111111,0.5625131130218506,0.21481481481481482,0.6476057171821594,0.13598673300165837,0.0720548555254936,0.06799336650082918,0.0047193588688969,0.5,738,150,50,100,,,,,,,,,,,,
lgd2_early_fusion_virchow2,early_prediction_only,patient_max,NextBiopsyProgression_LGD2plus,HGD/IMC/OAC or two consecutive LGD biopsies,5-fold patient-disjoint CV,multimodal,early_mean_mlp; early_mean_mlp_timev1,model_name=early_mean_mlp; cnv_variant=windows_armdiff_plus_arms_plus_cx; cnv_mask_name=none; instance_k=0; subsample_mode=uniform; embed_pca_dim=0,early_fusion,virchow2+cnv_anchor,prediction.patient_id; sample_id->basename(CNVAbsPath) for timing/biopsy,10,165,0.8084,0.6663707451259119,0.7,0.71,0.74,0.68,0.5362318840579711,0.8395061728395061,37,32,68,13,37,13,0.8648648648648649,0.1986366730527525,0.17682767706612745,0.52,0.7815694212913513,0.3,0.9019296765327454,0.54,0.359844297170639,0.39,0.2981545627117157,0.5,150,150,50,100,0.7998827551449017,0.5215511518793825,0.9150850223290965,0.7532467532467533,0.6530518394648829,0.41253913894324856,0.8792464274816421,0.725615603985702,0.8557291666666665,0.6137362637362638,0.774884792626728,0.5878257575757576
lgd2_early_fusion_virchow2,early_prediction_only,patient_mean,NextBiopsyProgression_LGD2plus,HGD/IMC/OAC or two consecutive LGD biopsies,5-fold patient-disjoint CV,multimodal,early_mean_mlp; early_mean_mlp_timev1,model_name=early_mean_mlp; cnv_variant=windows_armdiff_plus_arms_plus_cx; cnv_mask_name=none; instance_k=0; subsample_mode=uniform; embed_pca_dim=0,early_fusion,virchow2+cnv_anchor,prediction.patient_id; sample_id->basename(CNVAbsPath) for timing/biopsy,10,165,0.8052,0.6907818797151218,0.7466666666666667,0.675,0.46,0.89,0.6764705882352942,0.7672413793103449,23,11,89,27,23,27,0.4782608695652174,0.1650403505773357,0.04155493749852478,0.46,0.5101430296897889,0.36,0.6196935897072157,0.53,0.2316737025976181,0.4,0.19484039502484454,0.5,150,150,50,100,0.8124698365121115,0.564207582877303,0.840622212310437,0.6883646844660194,0.830603448275862,0.5,0.8752852719713928,0.726704611470988,0.6170212765957447,0.3090909090909091,0.9473902925531914,0.8272380636604775
lgd2_early_fusion_virchow2,early_prediction_only,biopsy_max,NextBiopsyProgression_LGD2plus,HGD/IMC/OAC or two consecutive LGD biopsies,5-fold patient-disjoint CV,multimodal,early_mean_mlp; early_mean_mlp_timev1,model_name=early_mean_mlp; cnv_variant=windows_armdiff_plus_arms_plus_cx; cnv_mask_name=none; instance_k=0; subsample_mode=uniform; embed_pca_dim=0,early_fusion,virchow2+cnv_anchor,prediction.patient_id; sample_id->basename(CNVAbsPath) for timing/biopsy,10,165,0.7739938080495357,0.4271976711165739,0.7046632124352331,0.6702049240748931,0.6190476190476191,0.7213622291021672,0.3023255813953488,0.9066147859922179,39,90,233,24,39,24,2.3076923076923075,0.19778983511793005,0.24393511899274054,0.42857142857142855,0.7763113975524902,0.3333333333333333,0.8704589605331421,0.4179566563467492,0.2474090009927749,0.38699690402476783,0.2270872592926025,0.5,386,150,50,100,,,,,,,,,,,,
lgd2_early_fusion_virchow2,early_prediction_only,biopsy_mean,NextBiopsyProgression_LGD2plus,HGD/IMC/OAC or two consecutive LGD biopsies,5-fold patient-disjoint CV,multimodal,early_mean_mlp; early_mean_mlp_timev1,model_name=early_mean_mlp; cnv_variant=windows_armdiff_plus_arms_plus_cx; cnv_mask_name=none; instance_k=0; subsample_mode=uniform; embed_pca_dim=0,early_fusion,virchow2+cnv_anchor,prediction.patient_id; sample_id->basename(CNVAbsPath) for timing/biopsy,10,165,0.7601847756646518,0.4171417928713009,0.7383419689119171,0.645609120841319,0.5079365079365079,0.7832817337461301,0.3137254901960784,0.8908450704225352,32,70,253,31,32,31,2.1875,0.17442734680233926,0.1946479876173668,0.3968253968253968,0.7153040766716003,0.2857142857142857,0.7952237327893575,0.47678018575851394,0.2270872592926025,0.33436532507739936,0.1615885496139526,0.5,386,150,50,100,,,,,,,,,,,,
lgd2_early_fusion_virchow2,early_prediction_only,sample,NextBiopsyProgression_LGD2plus,HGD/IMC/OAC or two consecutive LGD biopsies,5-fold patient-disjoint CV,multimodal,early_mean_mlp; early_mean_mlp_timev1,model_name=early_mean_mlp; cnv_variant=windows_armdiff_plus_arms_plus_cx; cnv_mask_name=none; instance_k=0; subsample_mode=uniform; embed_pca_dim=0,early_fusion,virchow2+cnv_anchor,prediction.patient_id; sample_id->basename(CNVAbsPath) for timing/biopsy,10,165,0.7260364842454394,0.3881633060218008,0.7330623306233063,0.6411829740187949,0.4962962962962963,0.7860696517412935,0.34183673469387754,0.8745387453874539,67,129,474,68,67,68,1.9253731343283582,0.1809052935633834,0.17729927285518848,0.3925925925925926,0.6930239796638489,0.23703703703703705,0.8520559072494507,0.23714759535655058,0.1126478984951973,0.1724709784411277,0.0852898731827735,0.5,738,150,50,100,,,,,,,,,,,,
lgd2_early_fusion_virchow2,early_prediction_only,patient_max,NextBiopsyProgression_LGD2plus,HGD/IMC/OAC or two consecutive LGD biopsies,5-fold patient-disjoint CV,multimodal,early_mean_mlp; early_mean_mlp_timev1,model_name=early_mean_mlp_timev1; cnv_variant=windows_armdiff_plus_arms_plus_cx; cnv_mask_name=none; instance_k=0; subsample_mode=uniform; embed_pca_dim=0,early_fusion,virchow2+cnv_anchor,prediction.patient_id; sample_id->basename(CNVAbsPath) for timing/biopsy,10,165,0.7992,0.6344005838694102,0.7066666666666667,0.685,0.62,0.75,0.5535714285714286,0.7978723404255319,31,25,75,19,31,19,0.8064516129032258,0.18340888081571433,0.10972752609906213,0.36,0.7267480492591858,0.22,0.8200384378433228,0.62,0.3315968811511993,0.48,0.2915756702423095,0.5,150,150,50,100,0.7640169114949631,0.4903535354578252,0.8670238095238095,0.7109975823163712,0.6750961538461538,0.4099206349206349,0.8724023181683014,0.7258657330032369,0.75,0.4790869565217391,0.8291843434343433,0.6598529411764705
lgd2_early_fusion_virchow2,early_prediction_only,patient_mean,NextBiopsyProgression_LGD2plus,HGD/IMC/OAC or two consecutive LGD biopsies,5-fold patient-disjoint CV,multimodal,early_mean_mlp; early_mean_mlp_timev1,model_name=early_mean_mlp_timev1; cnv_variant=windows_armdiff_plus_arms_plus_cx; cnv_mask_name=none; instance_k=0; subsample_mode=uniform; embed_pca_dim=0,early_fusion,virchow2+cnv_anchor,prediction.patient_id; sample_id->basename(CNVAbsPath) for timing/biopsy,10,165,0.7688,0.6212060254812448,0.72,0.63,0.36,0.9,0.6428571428571429,0.7377049180327869,18,10,90,32,18,32,0.5555555555555556,0.18042384064602066,0.05727200648846822,0.36,0.5076507776975632,0.2,0.6240521371364594,0.48,0.210864486793677,0.34,0.12142274063080544,0.5,150,150,50,100,0.7490505342673944,0.48041635086287365,0.8115400120943357,0.6525152712899749,0.8040384615384614,0.4421111111111111,0.8436337591704226,0.6904639664294837,0.495681818181818,0.21793269230769233,0.9514563106796117,0.8418316831683168
lgd2_early_fusion_virchow2,early_prediction_only,biopsy_max,NextBiopsyProgression_LGD2plus,HGD/IMC/OAC or two consecutive LGD biopsies,5-fold patient-disjoint CV,multimodal,early_mean_mlp; early_mean_mlp_timev1,model_name=early_mean_mlp_timev1; cnv_variant=windows_armdiff_plus_arms_plus_cx; cnv_mask_name=none; instance_k=0; subsample_mode=uniform; embed_pca_dim=0,early_fusion,virchow2+cnv_anchor,prediction.patient_id; sample_id->basename(CNVAbsPath) for timing/biopsy,10,165,0.736203253231117,0.3785727734104264,0.7227979274611399,0.6554867561059512,0.5555555555555556,0.7554179566563467,0.30701754385964913,0.8970588235294118,35,79,244,28,35,28,2.257142857142857,0.18256102892449544,0.20734591652910866,0.38095238095238093,0.6846588253974915,0.2857142857142857,0.753034234046936,0.4086687306501548,0.2674836218357086,0.22910216718266255,0.1460758000612259,0.5,386,150,50,100,,,,,,,,,,,,
lgd2_early_fusion_virchow2,early_prediction_only,biopsy_mean,NextBiopsyProgression_LGD2plus,HGD/IMC/OAC or two consecutive LGD biopsies,5-fold patient-disjoint CV,multimodal,early_mean_mlp; early_mean_mlp_timev1,model_name=early_mean_mlp_timev1; cnv_variant=windows_armdiff_plus_arms_plus_cx; cnv_mask_name=none; instance_k=0; subsample_mode=uniform; embed_pca_dim=0,early_fusion,virchow2+cnv_anchor,prediction.patient_id; sample_id->basename(CNVAbsPath) for timing/biopsy,10,165,0.698265271020689,0.3388647359868512,0.7331606217616581,0.6233475846478942,0.4603174603174603,0.7863777089783281,0.29591836734693877,0.8819444444444444,29,69,254,34,29,34,2.3793103448275863,0.17901339282163098,0.1891015855001878,0.30158730158730157,0.6668182015419006,0.2222222222222222,0.7442140579223633,0.29102167182662536,0.15959878017505005,0.17337461300309598,0.0693958718329668,0.5,386,150,50,100,,,,,,,,,,,,
lgd2_early_fusion_virchow2,early_prediction_only,sample,NextBiopsyProgression_LGD2plus,HGD/IMC/OAC or two consecutive LGD biopsies,5-fold patient-disjoint CV,multimodal,early_mean_mlp; early_mean_mlp_timev1,model_name=early_mean_mlp_timev1; cnv_variant=windows_armdiff_plus_arms_plus_cx; cnv_mask_name=none; instance_k=0; subsample_mode=uniform; embed_pca_dim=0,early_fusion,virchow2+cnv_anchor,prediction.patient_id; sample_id->basename(CNVAbsPath) for timing/biopsy,10,165,0.6700816903138628,0.36336889043216414,0.7208672086720868,0.6308457711442786,0.4888888888888889,0.7728026533996684,0.3251231527093596,0.8710280373831776,66,137,466,69,66,69,2.0757575757575757,0.189037823472504,0.20532667344441927,0.35555555555555557,0.6663826704025269,0.25925925925925924,0.7251237034797668,0.1691542288557214,0.0462655089795589,0.1011608623548922,0.0080364746972918,0.5,738,150,50,100,,,,,,,,,,,,
lgd2_intermediate_fusion_gigapath,early_prediction_only,patient_max,NextBiopsyProgression_LGD2plus,HGD/IMC/OAC or two consecutive LGD biopsies,5-fold patient-disjoint CV,multimodal,intermediate_abmil_cnv,model_name=intermediate_abmil_cnv; cnv_variant=windows_armdiff_plus_arms_plus_cx; cnv_mask_name=none; instance_k=0; subsample_mode=uniform; embed_pca_dim=0,intermediate_fusion,gigapath+cnv_anchor,prediction.patient_id; sample_id->basename(CNVAbsPath) for timing/biopsy,5,165,0.8104,0.7095211992811821,0.6733333333333333,0.71,0.82,0.6,0.5061728395061729,0.8695652173913043,41,40,60,9,41,9,0.975609756097561,0.20974912039164187,0.19588582678387564,0.54,0.7949957847595215,0.5,0.8429042100906372,0.42,0.3334107398986816,0.31,0.2322557121515274,0.5,150,150,50,100,0.8403859175038314,0.5623806261714545,0.941624040920716,0.7894877328487051,0.6174745824255629,0.4011585365853659,0.8862259875354903,0.733082486999731,0.92,0.7093676814988291,0.7030563186813186,0.5027298850574713
lgd2_intermediate_fusion_gigapath,early_prediction_only,patient_mean,NextBiopsyProgression_LGD2plus,HGD/IMC/OAC or two consecutive LGD biopsies,5-fold patient-disjoint CV,multimodal,intermediate_abmil_cnv,model_name=intermediate_abmil_cnv; cnv_variant=windows_armdiff_plus_arms_plus_cx; cnv_mask_name=none; instance_k=0; subsample_mode=uniform; embed_pca_dim=0,intermediate_fusion,gigapath+cnv_anchor,prediction.patient_id; sample_id->basename(CNVAbsPath) for timing/biopsy,5,165,0.7996,0.7068991219097657,0.76,0.7,0.52,0.88,0.6842105263157895,0.7857142857142857,26,12,88,24,26,24,0.46153846153846156,0.16328779748089606,0.050956097853936046,0.52,0.5142529557148615,0.36,0.6438875123858452,0.39,0.194414648892624,0.36,0.16547867159048713,0.5,150,150,50,100,0.8272658358748513,0.5678236368590195,0.8624239350912779,0.7069564652934048,0.8277571580063626,0.5440909090909091,0.8725750847380467,0.7173625326914629,0.6551773455377573,0.3796010296010296,0.9375,0.8143176020408164
lgd2_intermediate_fusion_gigapath,early_prediction_only,biopsy_max,NextBiopsyProgression_LGD2plus,HGD/IMC/OAC or two consecutive LGD biopsies,5-fold patient-disjoint CV,multimodal,intermediate_abmil_cnv,model_name=intermediate_abmil_cnv; cnv_variant=windows_armdiff_plus_arms_plus_cx; cnv_mask_name=none; instance_k=0; subsample_mode=uniform; embed_pca_dim=0,intermediate_fusion,gigapath+cnv_anchor,prediction.patient_id; sample_id->basename(CNVAbsPath) for timing/biopsy,5,165,0.7873114157943879,0.4905178072584359,0.7253886010362695,0.7336969875669566,0.746031746031746,0.7213622291021672,0.34306569343065696,0.9357429718875502,47,90,233,16,47,16,1.9148936170212767,0.19008382847604607,0.2353618484662382,0.4603174603174603,0.7926712036132812,0.42857142857142855,0.8429675102233887,0.34674922600619196,0.1781260520219802,0.19504643962848298,0.1016523018479347,0.5,386,150,50,100,,,,,,,,,,,,
lgd2_intermediate_fusion_gigapath,early_prediction_only,biopsy_mean,NextBiopsyProgression_LGD2plus,HGD/IMC/OAC or two consecutive LGD biopsies,5-fold patient-disjoint CV,multimodal,intermediate_abmil_cnv,model_name=intermediate_abmil_cnv; cnv_variant=windows_armdiff_plus_arms_plus_cx; cnv_mask_name=none; instance_k=0; subsample_mode=uniform; embed_pca_dim=0,intermediate_fusion,gigapath+cnv_anchor,prediction.patient_id; sample_id->basename(CNVAbsPath) for timing/biopsy,5,165,0.7711435451373532,0.43030322682928096,0.7772020725388601,0.7263256179664849,0.6507936507936508,0.8018575851393189,0.3904761904761905,0.9217081850533808,41,64,259,22,41,22,1.5609756097560976,0.1637888813055165,0.18175794675151405,0.49206349206349204,0.6807869672775269,0.2857142857142857,0.8056036233901978,0.38699690402476783,0.16904381364583965,0.2260061919504644,0.0930319726467132,0.5,386,150,50,100,,,,,,,,,,,,
lgd2_intermediate_fusion_gigapath,early_prediction_only,sample,NextBiopsyProgression_LGD2plus,HGD/IMC/OAC or two consecutive LGD biopsies,5-fold patient-disjoint CV,multimodal,intermediate_abmil_cnv,model_name=intermediate_abmil_cnv; cnv_variant=windows_armdiff_plus_arms_plus_cx; cnv_mask_name=none; instance_k=0; subsample_mode=uniform; embed_pca_dim=0,intermediate_fusion,gigapath+cnv_anchor,prediction.patient_id; sample_id->basename(CNVAbsPath) for timing/biopsy,5,165,0.7436889625944352,0.4311536525731743,0.7723577235772358,0.7140961857379768,0.6222222222222222,0.8059701492537313,0.417910447761194,0.9050279329608939,84,117,486,51,84,51,1.3928571428571428,0.17177813007698128,0.1720736696801923,0.4222222222222222,0.715867280960083,0.2962962962962963,0.8107543587684631,0.23880597014925373,0.0846412554383277,0.1824212271973466,0.062843807041645,0.5,738,150,50,100,,,,,,,,,,,,
lgd2_intermediate_fusion_uni2,early_prediction_only,patient_max,NextBiopsyProgression_LGD2plus,HGD/IMC/OAC or two consecutive LGD biopsies,5-fold patient-disjoint CV,multimodal,intermediate_abmil_cnv,model_name=intermediate_abmil_cnv; cnv_variant=windows_armdiff_plus_arms_plus_cx; cnv_mask_name=none; instance_k=0; subsample_mode=uniform; embed_pca_dim=0,intermediate_fusion,uni2+cnv_anchor,prediction.patient_id; sample_id->basename(CNVAbsPath) for timing/biopsy,5,165,0.8314,0.6708240243220416,0.7266666666666667,0.745,0.8,0.69,0.5633802816901409,0.8734177215189873,40,31,69,10,40,10,0.775,0.18187884856120914,0.1651720312734445,0.6,0.6825326085090637,0.48,0.7808235883712769,0.54,0.383990615606308,0.38,0.3157335519790649,0.5,150,150,50,100,0.8288674205013856,0.5219594473826797,0.9397865853658536,0.7946873902353354,0.6861620469083155,0.4441176470588235,0.8973026259849215,0.7585867006358497,0.8974999999999999,0.6882703081232493,0.7835051546391752,0.5960702081391737
lgd2_intermediate_fusion_uni2,early_prediction_only,patient_mean,NextBiopsyProgression_LGD2plus,HGD/IMC/OAC or two consecutive LGD biopsies,5-fold patient-disjoint CV,multimodal,intermediate_abmil_cnv,model_name=intermediate_abmil_cnv; cnv_variant=windows_armdiff_plus_arms_plus_cx; cnv_mask_name=none; instance_k=0; subsample_mode=uniform; embed_pca_dim=0,intermediate_fusion,uni2+cnv_anchor,prediction.patient_id; sample_id->basename(CNVAbsPath) for timing/biopsy,5,165,0.8184,0.7345872950266006,0.78,0.7150000000000001,0.52,0.91,0.7428571428571429,0.7913043478260869,26,9,91,24,26,24,0.34615384615384615,0.15868292358099037,0.08213822940398191,0.52,0.49991193413734436,0.5,0.5309120237827301,0.54,0.23912407954533887,0.43,0.19844001182354984,0.5,150,150,50,100,0.8408453851276863,0.6046918777820305,0.8699564586357038,0.7123862209667294,0.8784368070953437,0.5857653490328006,0.8862366810012956,0.742951419835611,0.6700320512820511,0.375,0.9583505154639175,0.8563696612665684
lgd2_intermediate_fusion_uni2,early_prediction_only,biopsy_max,NextBiopsyProgression_LGD2plus,HGD/IMC/OAC or two consecutive LGD biopsies,5-fold patient-disjoint CV,multimodal,intermediate_abmil_cnv,model_name=intermediate_abmil_cnv; cnv_variant=windows_armdiff_plus_arms_plus_cx; cnv_mask_name=none; instance_k=0; subsample_mode=uniform; embed_pca_dim=0,intermediate_fusion,uni2+cnv_anchor,prediction.patient_id; sample_id->basename(CNVAbsPath) for timing/biopsy,5,165,0.7954199223549069,0.47753601991577405,0.7331606217616581,0.7127868691336183,0.6825396825396826,0.7430340557275542,0.3412698412698413,0.9230769230769231,43,83,240,20,43,20,1.930232558139535,0.1769910375078032,0.23484530197359968,0.5238095238095238,0.6769747734069824,0.38095238095238093,0.7749188542366028,0.3591331269349845,0.2386723160743713,0.34674922600619196,0.2243685275316238,0.5,386,150,50,100,,,,,,,,,,,,
lgd2_intermediate_fusion_uni2,early_prediction_only,biopsy_mean,NextBiopsyProgression_LGD2plus,HGD/IMC/OAC or two consecutive LGD biopsies,5-fold patient-disjoint CV,multimodal,intermediate_abmil_cnv,model_name=intermediate_abmil_cnv; cnv_variant=windows_armdiff_plus_arms_plus_cx; cnv_mask_name=none; instance_k=0; subsample_mode=uniform; embed_pca_dim=0,intermediate_fusion,uni2+cnv_anchor,prediction.patient_id; sample_id->basename(CNVAbsPath) for timing/biopsy,5,165,0.7850017199862401,0.4932740892080052,0.7823834196891192,0.7038675119170476,0.5873015873015873,0.8204334365325078,0.3894736842105263,0.9106529209621993,37,58,265,26,37,26,1.5675675675675675,0.15554213899594257,0.18785342809862748,0.5079365079365079,0.5933784246444702,0.3492063492063492,0.7421349287033081,0.4179566563467492,0.2143803089857101,0.3065015479876161,0.16962181528409315,0.5,386,150,50,100,,,,,,,,,,,,
lgd2_intermediate_fusion_uni2,early_prediction_only,sample,NextBiopsyProgression_LGD2plus,HGD/IMC/OAC or two consecutive LGD biopsies,5-fold patient-disjoint CV,multimodal,intermediate_abmil_cnv,model_name=intermediate_abmil_cnv; cnv_variant=windows_armdiff_plus_arms_plus_cx; cnv_mask_name=none; instance_k=0; subsample_mode=uniform; embed_pca_dim=0,intermediate_fusion,uni2+cnv_anchor,prediction.patient_id; sample_id->basename(CNVAbsPath) for timing/biopsy,5,165,0.7430624654505251,0.44148459495732134,0.7669376693766937,0.6762852404643449,0.5333333333333333,0.8192371475953566,0.39779005524861877,0.8868940754039497,72,109,494,63,72,63,1.5138888888888888,0.16308131396103157,0.15572089157105096,0.48148148148148145,0.5936345458030701,0.2740740740740741,0.7373216152191162,0.3333333333333333,0.1530027240514755,0.2155887230514096,0.1013384312391281,0.5,738,150,50,100,,,,,,,,,,,,
lgd2_intermediate_fusion_virchow2,early_prediction_only,patient_max,NextBiopsyProgression_LGD2plus,HGD/IMC/OAC or two consecutive LGD biopsies,5-fold patient-disjoint CV,multimodal,intermediate_abmil_cnv,model_name=intermediate_abmil_cnv; cnv_variant=windows_armdiff_plus_arms_plus_cx; cnv_mask_name=none; instance_k=0; subsample_mode=uniform; embed_pca_dim=0,intermediate_fusion,virchow2+cnv_anchor,prediction.patient_id; sample_id->basename(CNVAbsPath) for timing/biopsy,5,165,0.7574,0.6050667605862812,0.6933333333333334,0.7050000000000001,0.74,0.67,0.5285714285714286,0.8375,37,33,67,13,37,13,0.8918918918918919,0.2184660278018208,0.17938233011712634,0.42,0.8088290095329285,0.36,0.8846271634101868,0.41,0.30410236120224,0.23,0.1898373216390609,0.5,150,150,50,100,0.7747815981459287,0.4656507301637241,0.9114342948717948,0.7546638018200202,0.6511724386724387,0.40687327552227043,0.8355086652477957,0.6729968111182504,0.8695652173913043,0.6086956521739131,0.7644422863485016,0.5714285714285714
lgd2_intermediate_fusion_virchow2,early_prediction_only,patient_mean,NextBiopsyProgression_LGD2plus,HGD/IMC/OAC or two consecutive LGD biopsies,5-fold patient-disjoint CV,multimodal,intermediate_abmil_cnv,model_name=intermediate_abmil_cnv; cnv_variant=windows_armdiff_plus_arms_plus_cx; cnv_mask_name=none; instance_k=0; subsample_mode=uniform; embed_pca_dim=0,intermediate_fusion,virchow2+cnv_anchor,prediction.patient_id; sample_id->basename(CNVAbsPath) for timing/biopsy,5,165,0.7348,0.6575863140670469,0.7266666666666667,0.64,0.38,0.9,0.6551724137931034,0.743801652892562,19,10,90,31,19,31,0.5263157894736842,0.1812307785862877,0.06755423825140841,0.38,0.5108602281127658,0.32,0.572267840616405,0.31,0.14465689162413278,0.25,0.11895314110734032,0.5,150,150,50,100,0.7747416655839666,0.5260601574631355,0.8215739202657807,0.6610694249649368,0.822531512605042,0.4782608695652174,0.8255173549211079,0.647958912037037,0.5113824289405684,0.2423265306122449,0.9512302493813058,0.835054347826087
lgd2_intermediate_fusion_virchow2,early_prediction_only,biopsy_max,NextBiopsyProgression_LGD2plus,HGD/IMC/OAC or two consecutive LGD biopsies,5-fold patient-disjoint CV,multimodal,intermediate_abmil_cnv,model_name=intermediate_abmil_cnv; cnv_variant=windows_armdiff_plus_arms_plus_cx; cnv_mask_name=none; instance_k=0; subsample_mode=uniform; embed_pca_dim=0,intermediate_fusion,virchow2+cnv_anchor,prediction.patient_id; sample_id->basename(CNVAbsPath) for timing/biopsy,5,165,0.7629858961128311,0.45298014562925704,0.7435233160621761,0.6870362179959704,0.6031746031746031,0.7708978328173375,0.3392857142857143,0.9087591240875912,38,74,249,25,38,25,1.9473684210526316,0.18270068597484682,0.21769325499944,0.3968253968253968,0.7552817463874817,0.36507936507936506,0.8414168357849121,0.4148606811145511,0.2110438644886016,0.1393188854489164,0.0576974749565124,0.5,386,150,50,100,,,,,,,,,,,,
lgd2_intermediate_fusion_virchow2,early_prediction_only,biopsy_mean,NextBiopsyProgression_LGD2plus,HGD/IMC/OAC or two consecutive LGD biopsies,5-fold patient-disjoint CV,multimodal,intermediate_abmil_cnv,model_name=intermediate_abmil_cnv; cnv_variant=windows_armdiff_plus_arms_plus_cx; cnv_mask_name=none; instance_k=0; subsample_mode=uniform; embed_pca_dim=0,intermediate_fusion,virchow2+cnv_anchor,prediction.patient_id; sample_id->basename(CNVAbsPath) for timing/biopsy,5,165,0.7459826035677429,0.41964789628908644,0.772020725388601,0.6657329598506069,0.5079365079365079,0.8235294117647058,0.3595505617977528,0.8956228956228957,32,57,266,31,32,31,1.78125,0.15614749698402836,0.15750288980756472,0.4444444444444444,0.5986570119857788,0.2222222222222222,0.7552817463874817,0.30340557275541796,0.12020760560408232,0.1393188854489164,0.04541859161108728,0.5,386,150,50,100,,,,,,,,,,,,
lgd2_intermediate_fusion_virchow2,early_prediction_only,sample,NextBiopsyProgression_LGD2plus,HGD/IMC/OAC or two consecutive LGD biopsies,5-fold patient-disjoint CV,multimodal,intermediate_abmil_cnv,model_name=intermediate_abmil_cnv; cnv_variant=windows_armdiff_plus_arms_plus_cx; cnv_mask_name=none; instance_k=0; subsample_mode=uniform; embed_pca_dim=0,intermediate_fusion,virchow2+cnv_anchor,prediction.patient_id; sample_id->basename(CNVAbsPath) for timing/biopsy,5,165,0.6970579202751673,0.41184056886712556,0.7710027100271003,0.6586511885019347,0.48148148148148145,0.835820895522388,0.39634146341463417,0.8780487804878049,65,99,504,70,65,70,1.523076923076923,0.17109788544381113,0.17611025623534868,0.37037037037037035,0.6277248859405518,0.2814814814814815,0.7834014892578125,0.19402985074626866,0.0438361167907714,0.08291873963515754,0.010547243990004,0.5,738,150,50,100,,,,,,,,,,,,
lgd2_coattention_gigapath,early_prediction_only,patient_max,NextBiopsyProgression_LGD2plus,HGD/IMC/OAC or two consecutive LGD biopsies,5-fold patient-disjoint CV,multimodal,coattn_abmil_cnv,model_name=coattn_abmil_cnv; cnv_variant=windows_armdiff_plus_arms_plus_cx; cnv_mask_name=none; instance_k=0; subsample_mode=uniform; embed_pca_dim=0,coattention,gigapath+cnv_anchor,prediction.patient_id; sample_id->basename(CNVAbsPath) for timing/biopsy,5,165,0.773,0.6228705753911412,0.6066666666666667,0.6599999999999999,0.82,0.5,0.45054945054945056,0.847457627118644,41,50,50,9,41,9,1.2195121951219512,0.23456561633567408,0.22964220727483434,0.42,0.8216748237609863,0.22,0.9094419479370116,0.38,0.3835746049880981,0.35,0.3346750736236572,0.5,150,150,50,100,0.7638440339704577,0.47899918238494726,0.9348226950354609,0.7522405660377359,0.5511720263463773,0.34625187406296853,0.8450100777934936,0.6880854665983914,0.9230769230769231,0.7051804812834225,0.6114285714285714,0.3942035029190992
lgd2_coattention_gigapath,early_prediction_only,patient_mean,NextBiopsyProgression_LGD2plus,HGD/IMC/OAC or two consecutive LGD biopsies,5-fold patient-disjoint CV,multimodal,coattn_abmil_cnv,model_name=coattn_abmil_cnv; cnv_variant=windows_armdiff_plus_arms_plus_cx; cnv_mask_name=none; instance_k=0; subsample_mode=uniform; embed_pca_dim=0,coattention,gigapath+cnv_anchor,prediction.patient_id; sample_id->basename(CNVAbsPath) for timing/biopsy,5,165,0.8018,0.674568317015668,0.7733333333333333,0.735,0.62,0.85,0.6739130434782609,0.8173076923076923,31,15,85,19,31,19,0.4838709677419355,0.168541868378815,0.07946616058152389,0.52,0.5483534447848796,0.32,0.6881632804870605,0.44,0.2433958364029725,0.34,0.18492220854386682,0.5,150,150,50,100,0.8116026706969801,0.5372771845105527,0.8904654654654653,0.742421568627451,0.815635135135135,0.5325886524822695,0.8745194357007017,0.7253632096462979,0.7547169811320755,0.48956795484151105,0.9219683990100894,0.775549685893775
lgd2_coattention_gigapath,early_prediction_only,biopsy_max,NextBiopsyProgression_LGD2plus,HGD/IMC/OAC or two consecutive LGD biopsies,5-fold patient-disjoint CV,multimodal,coattn_abmil_cnv,model_name=coattn_abmil_cnv; cnv_variant=windows_armdiff_plus_arms_plus_cx; cnv_mask_name=none; instance_k=0; subsample_mode=uniform; embed_pca_dim=0,coattention,gigapath+cnv_anchor,prediction.patient_id; sample_id->basename(CNVAbsPath) for timing/biopsy,5,165,0.7727161039854539,0.42745535531087553,0.6787564766839378,0.6994446901567644,0.7301587301587301,0.6687306501547987,0.3006535947712418,0.927038626609442,46,107,216,17,46,17,2.3260869565217392,0.20896898246315626,0.2652988542556531,0.4126984126984127,0.7763199210166931,0.23809523809523808,0.8612131476402283,0.4613003095975232,0.2889782190322876,0.2043343653250774,0.1335051357746124,0.5,386,150,50,100,,,,,,,,,,,,
lgd2_coattention_gigapath,early_prediction_only,biopsy_mean,NextBiopsyProgression_LGD2plus,HGD/IMC/OAC or two consecutive LGD biopsies,5-fold patient-disjoint CV,multimodal,coattn_abmil_cnv,model_name=coattn_abmil_cnv; cnv_variant=windows_armdiff_plus_arms_plus_cx; cnv_mask_name=none; instance_k=0; subsample_mode=uniform; embed_pca_dim=0,coattention,gigapath+cnv_anchor,prediction.patient_id; sample_id->basename(CNVAbsPath) for timing/biopsy,5,165,0.7658853014890167,0.40606646280114467,0.7564766839378239,0.7203302373581011,0.6666666666666666,0.7739938080495357,0.3652173913043478,0.922509225092251,42,73,250,21,42,21,1.7380952380952381,0.17577738041841812,0.20840628767639302,0.3968253968253968,0.6881632804870605,0.20634920634920634,0.8236346244812012,0.34365325077399383,0.17746411189436906,0.24148606811145512,0.1335051357746124,0.5,386,150,50,100,,,,,,,,,,,,
lgd2_coattention_gigapath,early_prediction_only,sample,NextBiopsyProgression_LGD2plus,HGD/IMC/OAC or two consecutive LGD biopsies,5-fold patient-disjoint CV,multimodal,coattn_abmil_cnv,model_name=coattn_abmil_cnv; cnv_variant=windows_armdiff_plus_arms_plus_cx; cnv_mask_name=none; instance_k=0; subsample_mode=uniform; embed_pca_dim=0,coattention,gigapath+cnv_anchor,prediction.patient_id; sample_id->basename(CNVAbsPath) for timing/biopsy,5,165,0.7448928198513605,0.43719303409377763,0.7357723577235772,0.6974571586511885,0.6370370370370371,0.75787728026534,0.3706896551724138,0.9031620553359684,86,146,457,49,86,49,1.697674418604651,0.182129511493163,0.19285930181426933,0.3925925925925926,0.72542804479599,0.26666666666666666,0.8216748237609863,0.25207296849087896,0.1165250316262245,0.1310116086235489,0.058760892599821,0.5,738,150,50,100,,,,,,,,,,,,
lgd2_coattention_uni2,early_prediction_only,patient_max,NextBiopsyProgression_LGD2plus,HGD/IMC/OAC or two consecutive LGD biopsies,5-fold patient-disjoint CV,multimodal,coattn_abmil_cnv,model_name=coattn_abmil_cnv; cnv_variant=windows_armdiff_plus_arms_plus_cx; cnv_mask_name=none; instance_k=0; subsample_mode=uniform; embed_pca_dim=0,coattention,uni2+cnv_anchor,prediction.patient_id; sample_id->basename(CNVAbsPath) for timing/biopsy,5,165,0.8458,0.7117367639597875,0.7466666666666667,0.77,0.84,0.7,0.5833333333333334,0.8974358974358975,42,30,70,8,42,8,0.7142857142857143,0.1751814326139551,0.16430877722799775,0.66,0.6767991185188293,0.56,0.740217387676239,0.52,0.3854531347751617,0.38,0.2789153158664703,0.5,150,150,50,100,0.8649189057967014,0.567333052419964,0.9597432432432432,0.8354430379746836,0.6963438735177866,0.46933459732755506,0.9096597977494204,0.776947729959502,0.9340942028985507,0.738997277676951,0.7839296543359612,0.6122448979591837
lgd2_coattention_uni2,early_prediction_only,patient_mean,NextBiopsyProgression_LGD2plus,HGD/IMC/OAC or two consecutive LGD biopsies,5-fold patient-disjoint CV,multimodal,coattn_abmil_cnv,model_name=coattn_abmil_cnv; cnv_variant=windows_armdiff_plus_arms_plus_cx; cnv_mask_name=none; instance_k=0; subsample_mode=uniform; embed_pca_dim=0,coattention,uni2+cnv_anchor,prediction.patient_id; sample_id->basename(CNVAbsPath) for timing/biopsy,5,165,0.8384,0.7592513652978329,0.7733333333333333,0.7,0.48,0.92,0.75,0.7796610169491526,24,8,92,26,24,26,0.3333333333333333,0.15136619946780497,0.06745937707234395,0.54,0.46579669912656146,0.46,0.5442607402801514,0.57,0.2190271094441414,0.37,0.17383122195800138,0.5,150,150,50,100,0.8586812887334869,0.6403009303593056,0.8571428571428571,0.7008547008547008,0.8966071428571427,0.6060606060606061,0.9038898182193761,0.7786156986539047,0.6201342867108475,0.339625,0.9690848214285714,0.8655729166666667
lgd2_coattention_uni2,early_prediction_only,biopsy_max,NextBiopsyProgression_LGD2plus,HGD/IMC/OAC or two consecutive LGD biopsies,5-fold patient-disjoint CV,multimodal,coattn_abmil_cnv,model_name=coattn_abmil_cnv; cnv_variant=windows_armdiff_plus_arms_plus_cx; cnv_mask_name=none; instance_k=0; subsample_mode=uniform; embed_pca_dim=0,coattention,uni2+cnv_anchor,prediction.patient_id; sample_id->basename(CNVAbsPath) for timing/biopsy,5,165,0.7980244729470736,0.4992374355731323,0.7772020725388601,0.7518796992481203,0.7142857142857143,0.7894736842105263,0.39823008849557523,0.9340659340659341,45,68,255,18,45,18,1.511111111111111,0.16602608173854624,0.21804295302431434,0.5238095238095238,0.6760767698287964,0.3968253968253968,0.7658675909042358,0.28792569659442724,0.1686192899942398,0.19814241486068113,0.1352977305650711,0.5,386,150,50,100,,,,,,,,,,,,
lgd2_coattention_uni2,early_prediction_only,biopsy_mean,NextBiopsyProgression_LGD2plus,HGD/IMC/OAC or two consecutive LGD biopsies,5-fold patient-disjoint CV,multimodal,coattn_abmil_cnv,model_name=coattn_abmil_cnv; cnv_variant=windows_armdiff_plus_arms_plus_cx; cnv_mask_name=none; instance_k=0; subsample_mode=uniform; embed_pca_dim=0,coattention,uni2+cnv_anchor,prediction.patient_id; sample_id->basename(CNVAbsPath) for timing/biopsy,5,165,0.7869674185463659,0.4859269228844746,0.805699481865285,0.7177994004619392,0.5873015873015873,0.848297213622291,0.43023255813953487,0.9133333333333333,37,49,274,26,37,26,1.3243243243243243,0.1449998131995953,0.16693073944508627,0.47619047619047616,0.5949094295501709,0.31746031746031744,0.7127864956855774,0.3281733746130031,0.161019429564476,0.22291021671826625,0.13255421817302698,0.5,386,150,50,100,,,,,,,,,,,,
lgd2_coattention_uni2,early_prediction_only,sample,NextBiopsyProgression_LGD2plus,HGD/IMC/OAC or two consecutive LGD biopsies,5-fold patient-disjoint CV,multimodal,coattn_abmil_cnv,model_name=coattn_abmil_cnv; cnv_variant=windows_armdiff_plus_arms_plus_cx; cnv_mask_name=none; instance_k=0; subsample_mode=uniform; embed_pca_dim=0,coattention,uni2+cnv_anchor,prediction.patient_id; sample_id->basename(CNVAbsPath) for timing/biopsy,5,165,0.7629875314784104,0.4754346698610515,0.8021680216802168,0.720840243228303,0.5925925925925926,0.8490878938640133,0.4678362573099415,0.9029982363315696,80,91,512,55,80,55,1.1375,0.15108422605895677,0.1495422876457656,0.43703703703703706,0.6139122247695923,0.34074074074074073,0.7127864956855774,0.2835820895522388,0.1291043907403946,0.12935323383084577,0.0787955448031425,0.5,738,150,50,100,,,,,,,,,,,,
lgd2_coattention_virchow2,early_prediction_only,patient_max,NextBiopsyProgression_LGD2plus,HGD/IMC/OAC or two consecutive LGD biopsies,5-fold patient-disjoint CV,multimodal,coattn_abmil_cnv,model_name=coattn_abmil_cnv; cnv_variant=windows_armdiff_plus_arms_plus_cx; cnv_mask_name=none; instance_k=0; subsample_mode=uniform; embed_pca_dim=0,coattention,virchow2+cnv_anchor,prediction.patient_id; sample_id->basename(CNVAbsPath) for timing/biopsy,5,165,0.7466,0.6008916282752884,0.62,0.65,0.74,0.56,0.4567901234567901,0.8115942028985508,37,44,56,13,37,13,1.1891891891891893,0.22871048181741516,0.19608197562086085,0.48,0.7651544809341431,0.34,0.8583590388298035,0.34,0.3588506877422333,0.25,0.272860050201416,0.5,150,150,50,100,0.7632704176328325,0.45811685402636926,0.8947704658525554,0.7152985074626865,0.5632183908045977,0.3451280541654401,0.8259893032499416,0.6642579264734487,0.858642857142857,0.6175769230769231,0.6538461538461539,0.4666228109971872
lgd2_coattention_virchow2,early_prediction_only,patient_mean,NextBiopsyProgression_LGD2plus,HGD/IMC/OAC or two consecutive LGD biopsies,5-fold patient-disjoint CV,multimodal,coattn_abmil_cnv,model_name=coattn_abmil_cnv; cnv_variant=windows_armdiff_plus_arms_plus_cx; cnv_mask_name=none; instance_k=0; subsample_mode=uniform; embed_pca_dim=0,coattention,virchow2+cnv_anchor,prediction.patient_id; sample_id->basename(CNVAbsPath) for timing/biopsy,5,165,0.7274,0.6665945457599745,0.72,0.6599999999999999,0.48,0.84,0.6,0.7636363636363637,24,16,84,26,24,26,0.6666666666666666,0.1878052556200234,0.09676924642086339,0.44,0.5684657692909241,0.4,0.589745819568634,0.27,0.1964762438088655,0.15,0.12167228917990407,0.5,150,150,50,100,0.7715318944723061,0.5451194223350432,0.8410218253968254,0.6760515873015873,0.7476715686274509,0.44058395872420264,0.8136488773161862,0.6370874070782159,0.6211666666666666,0.3365,0.9037663006177076,0.7671464646464646
lgd2_coattention_virchow2,early_prediction_only,biopsy_max,NextBiopsyProgression_LGD2plus,HGD/IMC/OAC or two consecutive LGD biopsies,5-fold patient-disjoint CV,multimodal,coattn_abmil_cnv,model_name=coattn_abmil_cnv; cnv_variant=windows_armdiff_plus_arms_plus_cx; cnv_mask_name=none; instance_k=0; subsample_mode=uniform; embed_pca_dim=0,coattention,virchow2+cnv_anchor,prediction.patient_id; sample_id->basename(CNVAbsPath) for timing/biopsy,5,165,0.72671875767851,0.412732998586974,0.6761658031088082,0.6659541009386211,0.6507936507936508,0.6811145510835913,0.2847222222222222,0.9090909090909091,41,103,220,22,41,22,2.5121951219512195,0.20772136159164029,0.2728005723225211,0.4126984126984127,0.7256715893745422,0.3492063492063492,0.8122657537460327,0.14241486068111456,0.1350114047527313,0.06191950464396285,0.0434597097337245,0.5,386,150,50,100,,,,,,,,,,,,
lgd2_coattention_virchow2,early_prediction_only,biopsy_mean,NextBiopsyProgression_LGD2plus,HGD/IMC/OAC or two consecutive LGD biopsies,5-fold patient-disjoint CV,multimodal,coattn_abmil_cnv,model_name=coattn_abmil_cnv; cnv_variant=windows_armdiff_plus_arms_plus_cx; cnv_mask_name=none; instance_k=0; subsample_mode=uniform; embed_pca_dim=0,coattention,virchow2+cnv_anchor,prediction.patient_id; sample_id->basename(CNVAbsPath) for timing/biopsy,5,165,0.7116320212295445,0.3980838817579039,0.727979274611399,0.6585827313381494,0.5555555555555556,0.7616099071207431,0.3125,0.8978102189781022,35,77,246,28,35,28,2.2,0.18169000130760576,0.22327343686516402,0.4126984126984127,0.6451718062162399,0.2857142857142857,0.7373135288556417,0.17647058823529413,0.1350114047527313,0.06811145510835913,0.0434597097337245,0.5,386,150,50,100,,,,,,,,,,,,
lgd2_coattention_virchow2,early_prediction_only,sample,NextBiopsyProgression_LGD2plus,HGD/IMC/OAC or two consecutive LGD biopsies,5-fold patient-disjoint CV,multimodal,coattn_abmil_cnv,model_name=coattn_abmil_cnv; cnv_variant=windows_armdiff_plus_arms_plus_cx; cnv_mask_name=none; instance_k=0; subsample_mode=uniform; embed_pca_dim=0,coattention,virchow2+cnv_anchor,prediction.patient_id; sample_id->basename(CNVAbsPath) for timing/biopsy,5,165,0.704907560960629,0.40117220189759684,0.7154471544715447,0.6476506357103372,0.5407407407407407,0.7545605306799337,0.33031674208144796,0.8800773694390716,73,148,455,62,73,62,2.0273972602739727,0.18748875706311752,0.1974638653028634,0.3925925925925926,0.6529093980789185,0.2740740740740741,0.7725140452384949,0.19402985074626866,0.1288233995437622,0.14096185737976782,0.0761267095804214,0.5,738,150,50,100,,,,,,,,,,,,
