task_name,model_id,modality,encoder,model_name,aggregation_level,aggregation_strategy,n_eval,n_pos,n_neg,auc,sensitivity,specificity,accuracy,error_rate,fnr,fn_count,tp_count,report_section,from_biopsy_strategy,richness_axis,group_name,from_patient_strategy,biopsy_count_group
Progressor_label,image|uni2|abmil_nogate,image,uni2,abmil_nogate,biopsy,biopsy_mean,470,158,312,0.7922955209347614,0.7468354430379747,0.657051282051282,0.6872340425531915,0.31276595744680846,0.25316455696202533,40,118,task1_biopsy_aggregation,,,,,
Progressor_label,image|uni2|abmil_nogate,image,uni2,abmil_nogate,biopsy,biopsy_max,470,158,312,0.7952775073028239,0.810126582278481,0.5801282051282052,0.6574468085106383,0.3425531914893617,0.189873417721519,30,128,task1_biopsy_aggregation,,,,,
Progressor_label,image|uni2|abmil_nogate,image,uni2,abmil_nogate,biopsy,biopsy_median,470,158,312,0.7875486854917235,0.7341772151898734,0.657051282051282,0.6829787234042554,0.31702127659574464,0.26582278481012656,42,116,task1_biopsy_aggregation,,,,,
Progressor_label,cnv|cnv_anchor|cnv_random_forest,cnv,cnv_anchor,cnv_random_forest,biopsy,biopsy_mean,470,158,312,0.740617900032457,0.2721518987341772,0.9102564102564102,0.6957446808510638,0.3042553191489362,0.7278481012658228,115,43,task1_biopsy_aggregation,,,,,
Progressor_label,cnv|cnv_anchor|cnv_random_forest,cnv,cnv_anchor,cnv_random_forest,biopsy,biopsy_max,470,158,312,0.7106864654333009,0.4430379746835443,0.8653846153846154,0.723404255319149,0.276595744680851,0.5569620253164557,88,70,task1_biopsy_aggregation,,,,,
Progressor_label,cnv|cnv_anchor|cnv_random_forest,cnv,cnv_anchor,cnv_random_forest,biopsy,biopsy_median,470,158,312,0.7387110516066213,0.3037974683544304,0.907051282051282,0.7042553191489361,0.29574468085106387,0.6962025316455697,110,48,task1_biopsy_aggregation,,,,,
Progressor_label,multimodal|uni2|early_mean_mlp,multimodal,uni2,early_mean_mlp,biopsy,biopsy_mean,470,158,312,0.7922346640701071,0.6518987341772152,0.8269230769230769,0.7680851063829788,0.23191489361702122,0.34810126582278483,55,103,task1_biopsy_aggregation,,,,,
Progressor_label,multimodal|uni2|early_mean_mlp,multimodal,uni2,early_mean_mlp,biopsy,biopsy_max,470,158,312,0.7869604024667316,0.7151898734177216,0.7403846153846154,0.7319148936170212,0.2680851063829788,0.2848101265822785,45,113,task1_biopsy_aggregation,,,,,
Progressor_label,multimodal|uni2|early_mean_mlp,multimodal,uni2,early_mean_mlp,biopsy,biopsy_median,470,158,312,0.7906118143459915,0.6455696202531646,0.8269230769230769,0.7659574468085106,0.23404255319148937,0.35443037974683544,56,102,task1_biopsy_aggregation,,,,,
NextBiopsyProgression_LGD3plus,image|gigapath|set_transformer_lite,image,gigapath,set_transformer_lite,biopsy,biopsy_mean,453,85,368,0.6773976982097187,0.6,0.6739130434782609,0.6600441501103753,0.3399558498896247,0.4,34,51,task1_biopsy_aggregation,,,,,
NextBiopsyProgression_LGD3plus,image|gigapath|set_transformer_lite,image,gigapath,set_transformer_lite,biopsy,biopsy_max,453,85,368,0.7019501278772379,0.6588235294117647,0.595108695652174,0.6070640176600441,0.39293598233995586,0.3411764705882353,29,56,task1_biopsy_aggregation,,,,,
NextBiopsyProgression_LGD3plus,image|gigapath|set_transformer_lite,image,gigapath,set_transformer_lite,biopsy,biopsy_median,453,85,368,0.6787404092071612,0.6,0.6657608695652174,0.6534216335540839,0.3465783664459161,0.4,34,51,task1_biopsy_aggregation,,,,,
NextBiopsyProgression_LGD3plus,cnv|cnv_anchor|cnv_random_forest,cnv,cnv_anchor,cnv_random_forest,biopsy,biopsy_mean,453,85,368,0.7539002557544757,0.058823529411764705,0.9755434782608695,0.8035320088300221,0.19646799116997793,0.9411764705882353,80,5,task1_biopsy_aggregation,,,,,
NextBiopsyProgression_LGD3plus,cnv|cnv_anchor|cnv_random_forest,cnv,cnv_anchor,cnv_random_forest,biopsy,biopsy_max,453,85,368,0.7583120204603581,0.24705882352941178,0.9538043478260869,0.8211920529801324,0.17880794701986757,0.7529411764705882,64,21,task1_biopsy_aggregation,,,,,
NextBiopsyProgression_LGD3plus,cnv|cnv_anchor|cnv_random_forest,cnv,cnv_anchor,cnv_random_forest,biopsy,biopsy_median,453,85,368,0.7507672634271099,0.08235294117647059,0.9755434782608695,0.8079470198675497,0.1920529801324503,0.9176470588235294,78,7,task1_biopsy_aggregation,,,,,
NextBiopsyProgression_LGD3plus,multimodal|virchow2|early_mean_mlp_timev1,multimodal,virchow2,early_mean_mlp_timev1,biopsy,biopsy_mean,453,85,368,0.8369245524296676,0.7529411764705882,0.7663043478260869,0.7637969094922737,0.23620309050772625,0.24705882352941178,21,64,task1_biopsy_aggregation,,,,,
NextBiopsyProgression_LGD3plus,multimodal|virchow2|early_mean_mlp_timev1,multimodal,virchow2,early_mean_mlp_timev1,biopsy,biopsy_max,453,85,368,0.8483375959079283,0.8117647058823529,0.7282608695652174,0.7439293598233996,0.2560706401766004,0.18823529411764706,16,69,task1_biopsy_aggregation,,,,,
NextBiopsyProgression_LGD3plus,multimodal|virchow2|early_mean_mlp_timev1,multimodal,virchow2,early_mean_mlp_timev1,biopsy,biopsy_median,453,85,368,0.8304347826086956,0.7294117647058823,0.7717391304347826,0.7637969094922737,0.23620309050772625,0.27058823529411763,23,62,task1_biopsy_aggregation,,,,,
Progressor_label,image|uni2|abmil_nogate,image,uni2,abmil_nogate,patient,patient_mean,160,38,122,0.8854616048317515,0.8947368421052632,0.6557377049180327,0.7125,0.2875,0.10526315789473684,4,34,task2_patient_aggregation,biopsy_max,,,,
Progressor_label,image|uni2|abmil_nogate,image,uni2,abmil_nogate,patient,patient_max,160,38,122,0.9152286453839517,0.9736842105263158,0.5081967213114754,0.61875,0.38125,0.02631578947368421,1,37,task2_patient_aggregation,biopsy_max,,,,
Progressor_label,cnv|cnv_anchor|cnv_random_forest,cnv,cnv_anchor,cnv_random_forest,patient,patient_mean,160,38,122,0.8438308886971527,0.13157894736842105,0.9344262295081968,0.74375,0.25625,0.868421052631579,33,5,task2_patient_aggregation,biopsy_mean,,,,
Progressor_label,cnv|cnv_anchor|cnv_random_forest,cnv,cnv_anchor,cnv_random_forest,patient,patient_max,160,38,122,0.8545081967213114,0.6578947368421053,0.8524590163934426,0.80625,0.19374999999999998,0.34210526315789475,13,25,task2_patient_aggregation,biopsy_mean,,,,
Progressor_label,multimodal|uni2|early_mean_mlp,multimodal,uni2,early_mean_mlp,patient,patient_mean,160,38,122,0.8794219154443487,0.6842105263157895,0.8934426229508197,0.84375,0.15625,0.3157894736842105,12,26,task2_patient_aggregation,biopsy_mean,,,,
Progressor_label,multimodal|uni2|early_mean_mlp,multimodal,uni2,early_mean_mlp,patient,patient_max,160,38,122,0.9020707506471095,0.868421052631579,0.7868852459016393,0.80625,0.19374999999999998,0.13157894736842105,5,33,task2_patient_aggregation,biopsy_mean,,,,
NextBiopsyProgression_LGD3plus,image|gigapath|set_transformer_lite,image,gigapath,set_transformer_lite,patient,patient_mean,155,51,104,0.6595022624434389,0.5686274509803921,0.6346153846153846,0.6129032258064516,0.3870967741935484,0.43137254901960786,22,29,task2_patient_aggregation,biopsy_max,,,,
NextBiopsyProgression_LGD3plus,image|gigapath|set_transformer_lite,image,gigapath,set_transformer_lite,patient,patient_max,155,51,104,0.7818627450980392,0.8431372549019608,0.49038461538461536,0.6064516129032258,0.3935483870967742,0.1568627450980392,8,43,task2_patient_aggregation,biopsy_max,,,,
NextBiopsyProgression_LGD3plus,cnv|cnv_anchor|cnv_random_forest,cnv,cnv_anchor,cnv_random_forest,patient,patient_mean,155,51,104,0.7818627450980392,0.09803921568627451,1.0,0.7032258064516129,0.2967741935483871,0.9019607843137255,46,5,task2_patient_aggregation,biopsy_max,,,,
NextBiopsyProgression_LGD3plus,cnv|cnv_anchor|cnv_random_forest,cnv,cnv_anchor,cnv_random_forest,patient,patient_max,155,51,104,0.8231523378582202,0.35294117647058826,0.9711538461538461,0.7677419354838709,0.23225806451612907,0.6470588235294118,33,18,task2_patient_aggregation,biopsy_max,,,,
NextBiopsyProgression_LGD3plus,multimodal|virchow2|early_mean_mlp_timev1,multimodal,virchow2,early_mean_mlp_timev1,patient,patient_mean,155,51,104,0.8616138763197587,0.49019607843137253,0.9230769230769231,0.7806451612903226,0.21935483870967742,0.5098039215686274,26,25,task2_patient_aggregation,biopsy_max,,,,
NextBiopsyProgression_LGD3plus,multimodal|virchow2|early_mean_mlp_timev1,multimodal,virchow2,early_mean_mlp_timev1,patient,patient_max,155,51,104,0.8855580693815988,0.9215686274509803,0.5673076923076923,0.6838709677419355,0.31612903225806455,0.0784313725490196,4,47,task2_patient_aggregation,biopsy_max,,,,
Progressor_label,image|uni2|abmil_nogate,image,uni2,abmil_nogate,,,228,83,145,0.7840465309513918,0.7710843373493976,0.6344827586206897,0.6842105263157895,0.3157894736842105,0.2289156626506024,19,64,task3_data_richness,biopsy_max,slide_group,1_slide,,
Progressor_label,image|uni2|abmil_nogate,image,uni2,abmil_nogate,,,97,27,70,0.7439153439153439,0.7407407407407407,0.5142857142857142,0.5773195876288659,0.4226804123711341,0.25925925925925924,7,20,task3_data_richness,biopsy_max,slide_group,2_slides,,
Progressor_label,image|uni2|abmil_nogate,image,uni2,abmil_nogate,,,145,48,97,0.8651202749140894,0.9166666666666666,0.5463917525773195,0.6689655172413793,0.3310344827586207,0.08333333333333333,4,44,task3_data_richness,biopsy_max,slide_group,3plus_slides,,
Progressor_label,image|uni2|abmil_nogate,image,uni2,abmil_nogate,,,233,84,149,0.781240012783637,0.7619047619047619,0.6375838926174496,0.6824034334763949,0.31759656652360513,0.23809523809523808,20,64,task3_data_richness,biopsy_max,swgs_group,1_swgs,,
Progressor_label,image|uni2|abmil_nogate,image,uni2,abmil_nogate,,,237,74,163,0.8268943790416183,0.8648648648648649,0.5276073619631901,0.6329113924050633,0.36708860759493667,0.13513513513513514,10,64,task3_data_richness,biopsy_max,swgs_group,2plus_swgs,,
Progressor_label,cnv|cnv_anchor|cnv_random_forest,cnv,cnv_anchor,cnv_random_forest,,,228,83,145,0.7001661819692564,0.2891566265060241,0.8827586206896552,0.6666666666666666,0.33333333333333337,0.7108433734939759,59,24,task3_data_richness,biopsy_mean,slide_group,1_slide,,
Progressor_label,cnv|cnv_anchor|cnv_random_forest,cnv,cnv_anchor,cnv_random_forest,,,97,27,70,0.7417989417989419,0.2962962962962963,0.9571428571428572,0.7731958762886598,0.22680412371134018,0.7037037037037037,19,8,task3_data_richness,biopsy_mean,slide_group,2_slides,,
Progressor_label,cnv|cnv_anchor|cnv_random_forest,cnv,cnv_anchor,cnv_random_forest,,,145,48,97,0.8032646048109966,0.22916666666666666,0.9175257731958762,0.6896551724137931,0.31034482758620685,0.7708333333333334,37,11,task3_data_richness,biopsy_mean,slide_group,3plus_slides,,
Progressor_label,cnv|cnv_anchor|cnv_random_forest,cnv,cnv_anchor,cnv_random_forest,,,233,84,149,0.6939517417705336,0.2857142857142857,0.87248322147651,0.6609442060085837,0.3390557939914163,0.7142857142857143,60,24,task3_data_richness,biopsy_mean,swgs_group,1_swgs,,
Progressor_label,cnv|cnv_anchor|cnv_random_forest,cnv,cnv_anchor,cnv_random_forest,,,237,74,163,0.7916597579174266,0.25675675675675674,0.9447852760736196,0.729957805907173,0.27004219409282704,0.7432432432432432,55,19,task3_data_richness,biopsy_mean,swgs_group,2plus_swgs,,
Progressor_label,multimodal|uni2|early_mean_mlp,multimodal,uni2,early_mean_mlp,,,228,83,145,0.7902783547985044,0.6385542168674698,0.8137931034482758,0.75,0.25,0.3614457831325301,30,53,task3_data_richness,biopsy_mean,slide_group,1_slide,,
Progressor_label,multimodal|uni2|early_mean_mlp,multimodal,uni2,early_mean_mlp,,,97,27,70,0.7693121693121694,0.6666666666666666,0.8285714285714286,0.7835051546391752,0.21649484536082475,0.3333333333333333,9,18,task3_data_richness,biopsy_mean,slide_group,2_slides,,
Progressor_label,multimodal|uni2|early_mean_mlp,multimodal,uni2,early_mean_mlp,,,145,48,97,0.8088487972508591,0.6666666666666666,0.845360824742268,0.7862068965517242,0.21379310344827585,0.3333333333333333,16,32,task3_data_richness,biopsy_mean,slide_group,3plus_slides,,
Progressor_label,multimodal|uni2|early_mean_mlp,multimodal,uni2,early_mean_mlp,,,233,84,149,0.7905081495685522,0.6428571428571429,0.8120805369127517,0.7510729613733905,0.24892703862660948,0.35714285714285715,30,54,task3_data_richness,biopsy_mean,swgs_group,1_swgs,,
Progressor_label,multimodal|uni2|early_mean_mlp,multimodal,uni2,early_mean_mlp,,,237,74,163,0.7954733874979274,0.6621621621621622,0.8404907975460123,0.7848101265822784,0.21518987341772156,0.33783783783783783,25,49,task3_data_richness,biopsy_mean,swgs_group,2plus_swgs,,
NextBiopsyProgression_LGD3plus,image|gigapath|set_transformer_lite,image,gigapath,set_transformer_lite,,,224,34,190,0.7038699690402477,0.6176470588235294,0.6473684210526316,0.6428571428571429,0.3571428571428571,0.38235294117647056,13,21,task3_data_richness,biopsy_max,slide_group,1_slide,,
NextBiopsyProgression_LGD3plus,image|gigapath|set_transformer_lite,image,gigapath,set_transformer_lite,,,90,17,73,0.6663980660757455,0.5882352941176471,0.589041095890411,0.5888888888888889,0.4111111111111111,0.4117647058823529,7,10,task3_data_richness,biopsy_max,slide_group,2_slides,,
NextBiopsyProgression_LGD3plus,image|gigapath|set_transformer_lite,image,gigapath,set_transformer_lite,,,139,34,105,0.6988795518207283,0.7352941176470589,0.5047619047619047,0.5611510791366906,0.4388489208633094,0.2647058823529412,9,25,task3_data_richness,biopsy_max,slide_group,3plus_slides,,
NextBiopsyProgression_LGD3plus,image|gigapath|set_transformer_lite,image,gigapath,set_transformer_lite,,,229,35,194,0.6868924889543446,0.6,0.6391752577319587,0.6331877729257642,0.3668122270742358,0.4,14,21,task3_data_richness,biopsy_max,swgs_group,1_swgs,,
NextBiopsyProgression_LGD3plus,image|gigapath|set_transformer_lite,image,gigapath,set_transformer_lite,,,224,50,174,0.7039080459770115,0.7,0.5459770114942529,0.5803571428571429,0.4196428571428571,0.3,15,35,task3_data_richness,biopsy_max,swgs_group,2plus_swgs,,
NextBiopsyProgression_LGD3plus,cnv|cnv_anchor|cnv_random_forest,cnv,cnv_anchor,cnv_random_forest,,,224,34,190,0.6825077399380804,0.08823529411764706,0.9631578947368421,0.8303571428571429,0.1696428571428571,0.9117647058823529,31,3,task3_data_richness,biopsy_max,slide_group,1_slide,,
NextBiopsyProgression_LGD3plus,cnv|cnv_anchor|cnv_random_forest,cnv,cnv_anchor,cnv_random_forest,,,90,17,73,0.8831587429492345,0.4117647058823529,0.9726027397260274,0.8666666666666667,0.1333333333333333,0.5882352941176471,10,7,task3_data_richness,biopsy_max,slide_group,2_slides,,
NextBiopsyProgression_LGD3plus,cnv|cnv_anchor|cnv_random_forest,cnv,cnv_anchor,cnv_random_forest,,,139,34,105,0.7719887955182072,0.3235294117647059,0.9238095238095239,0.7769784172661871,0.2230215827338129,0.6764705882352942,23,11,task3_data_richness,biopsy_max,slide_group,3plus_slides,,
NextBiopsyProgression_LGD3plus,cnv|cnv_anchor|cnv_random_forest,cnv,cnv_anchor,cnv_random_forest,,,229,35,194,0.6858615611192932,0.08571428571428572,0.9639175257731959,0.8296943231441049,0.17030567685589515,0.9142857142857143,32,3,task3_data_richness,biopsy_max,swgs_group,1_swgs,,
NextBiopsyProgression_LGD3plus,cnv|cnv_anchor|cnv_random_forest,cnv,cnv_anchor,cnv_random_forest,,,224,50,174,0.8114942528735632,0.36,0.9425287356321839,0.8125,0.1875,0.64,32,18,task3_data_richness,biopsy_max,swgs_group,2plus_swgs,,
NextBiopsyProgression_LGD3plus,multimodal|virchow2|early_mean_mlp_timev1,multimodal,virchow2,early_mean_mlp_timev1,,,224,34,190,0.8577399380804953,0.7352941176470589,0.8210526315789474,0.8080357142857143,0.1919642857142857,0.2647058823529412,9,25,task3_data_richness,biopsy_max,slide_group,1_slide,,
NextBiopsyProgression_LGD3plus,multimodal|virchow2|early_mean_mlp_timev1,multimodal,virchow2,early_mean_mlp_timev1,,,90,17,73,0.7993553585817889,0.8235294117647058,0.6986301369863014,0.7222222222222222,0.2777777777777778,0.17647058823529413,3,14,task3_data_richness,biopsy_max,slide_group,2_slides,,
NextBiopsyProgression_LGD3plus,multimodal|virchow2|early_mean_mlp_timev1,multimodal,virchow2,early_mean_mlp_timev1,,,139,34,105,0.8310924369747898,0.8823529411764706,0.580952380952381,0.6546762589928058,0.3453237410071942,0.11764705882352941,4,30,task3_data_richness,biopsy_max,slide_group,3plus_slides,,
NextBiopsyProgression_LGD3plus,multimodal|virchow2|early_mean_mlp_timev1,multimodal,virchow2,early_mean_mlp_timev1,,,229,35,194,0.8630338733431517,0.7428571428571429,0.8247422680412371,0.8122270742358079,0.18777292576419213,0.2571428571428571,9,26,task3_data_richness,biopsy_max,swgs_group,1_swgs,,
NextBiopsyProgression_LGD3plus,multimodal|virchow2|early_mean_mlp_timev1,multimodal,virchow2,early_mean_mlp_timev1,,,224,50,174,0.8224137931034482,0.86,0.6206896551724138,0.6741071428571429,0.3258928571428571,0.14,7,43,task3_data_richness,biopsy_max,swgs_group,2plus_swgs,,
Progressor_label,image|uni2|abmil_nogate,image,uni2,abmil_nogate,,,68,5,63,0.8476190476190476,0.8,0.7301587301587301,0.7352941176470589,0.2647058823529411,0.2,1,4,task4_biopsies_per_patient,biopsy_max,,,patient_max,1
Progressor_label,image|uni2|abmil_nogate,image,uni2,abmil_nogate,,,16,3,13,0.923076923076923,1.0,0.46153846153846156,0.5625,0.4375,0.0,0,3,task4_biopsies_per_patient,biopsy_max,,,patient_max,2
Progressor_label,image|uni2|abmil_nogate,image,uni2,abmil_nogate,,,19,7,12,0.9404761904761905,1.0,0.25,0.5263157894736842,0.4736842105263158,0.0,0,7,task4_biopsies_per_patient,biopsy_max,,,patient_max,3
Progressor_label,image|uni2|abmil_nogate,image,uni2,abmil_nogate,,,13,5,8,0.875,1.0,0.25,0.5384615384615384,0.46153846153846156,0.0,0,5,task4_biopsies_per_patient,biopsy_max,,,patient_max,4
Progressor_label,image|uni2|abmil_nogate,image,uni2,abmil_nogate,,,44,18,26,0.8482905982905983,1.0,0.19230769230769232,0.5227272727272727,0.4772727272727273,0.0,0,18,task4_biopsies_per_patient,biopsy_max,,,patient_max,5plus
Progressor_label,cnv|cnv_anchor|cnv_random_forest,cnv,cnv_anchor,cnv_random_forest,,,68,5,63,0.8222222222222222,0.4,0.9523809523809523,0.9117647058823529,0.08823529411764708,0.6,3,2,task4_biopsies_per_patient,biopsy_mean,,,patient_max,1
Progressor_label,cnv|cnv_anchor|cnv_random_forest,cnv,cnv_anchor,cnv_random_forest,,,16,3,13,0.717948717948718,0.3333333333333333,0.6153846153846154,0.5625,0.4375,0.6666666666666666,2,1,task4_biopsies_per_patient,biopsy_mean,,,patient_max,2
Progressor_label,cnv|cnv_anchor|cnv_random_forest,cnv,cnv_anchor,cnv_random_forest,,,19,7,12,0.8630952380952381,0.5714285714285714,0.8333333333333334,0.7368421052631579,0.26315789473684215,0.42857142857142855,3,4,task4_biopsies_per_patient,biopsy_mean,,,patient_max,3
Progressor_label,cnv|cnv_anchor|cnv_random_forest,cnv,cnv_anchor,cnv_random_forest,,,13,5,8,0.9,1.0,0.75,0.8461538461538461,0.15384615384615385,0.0,0,5,task4_biopsies_per_patient,biopsy_mean,,,patient_max,4
Progressor_label,cnv|cnv_anchor|cnv_random_forest,cnv,cnv_anchor,cnv_random_forest,,,44,18,26,0.7777777777777778,0.7222222222222222,0.7692307692307693,0.75,0.25,0.2777777777777778,5,13,task4_biopsies_per_patient,biopsy_mean,,,patient_max,5plus
Progressor_label,multimodal|uni2|early_mean_mlp,multimodal,uni2,early_mean_mlp,,,68,5,63,0.942857142857143,0.8,0.9523809523809523,0.9411764705882353,0.05882352941176472,0.2,1,4,task4_biopsies_per_patient,biopsy_mean,,,patient_max,1
Progressor_label,multimodal|uni2|early_mean_mlp,multimodal,uni2,early_mean_mlp,,,16,3,13,0.7692307692307693,0.6666666666666666,0.6153846153846154,0.625,0.375,0.3333333333333333,1,2,task4_biopsies_per_patient,biopsy_mean,,,patient_max,2
Progressor_label,multimodal|uni2|early_mean_mlp,multimodal,uni2,early_mean_mlp,,,19,7,12,0.9166666666666667,1.0,0.75,0.8421052631578947,0.1578947368421053,0.0,0,7,task4_biopsies_per_patient,biopsy_mean,,,patient_max,3
Progressor_label,multimodal|uni2|early_mean_mlp,multimodal,uni2,early_mean_mlp,,,13,5,8,1.0,1.0,0.75,0.8461538461538461,0.15384615384615385,0.0,0,5,task4_biopsies_per_patient,biopsy_mean,,,patient_max,4
Progressor_label,multimodal|uni2|early_mean_mlp,multimodal,uni2,early_mean_mlp,,,44,18,26,0.8141025641025641,0.8333333333333334,0.5,0.6363636363636364,0.36363636363636365,0.16666666666666666,3,15,task4_biopsies_per_patient,biopsy_mean,,,patient_max,5plus
NextBiopsyProgression_LGD3plus,image|gigapath|set_transformer_lite,image,gigapath,set_transformer_lite,,,64,7,57,0.5388471177944862,0.5714285714285714,0.5964912280701754,0.59375,0.40625,0.42857142857142855,3,4,task4_biopsies_per_patient,biopsy_max,,,patient_max,1
NextBiopsyProgression_LGD3plus,image|gigapath|set_transformer_lite,image,gigapath,set_transformer_lite,,,18,8,10,0.75,0.75,0.5,0.6111111111111112,0.38888888888888884,0.25,2,6,task4_biopsies_per_patient,biopsy_max,,,patient_max,2
NextBiopsyProgression_LGD3plus,image|gigapath|set_transformer_lite,image,gigapath,set_transformer_lite,,,19,11,8,0.9090909090909091,0.9090909090909091,0.5,0.7368421052631579,0.26315789473684215,0.09090909090909091,1,10,task4_biopsies_per_patient,biopsy_max,,,patient_max,3
NextBiopsyProgression_LGD3plus,image|gigapath|set_transformer_lite,image,gigapath,set_transformer_lite,,,13,7,6,0.8333333333333334,1.0,0.16666666666666666,0.6153846153846154,0.3846153846153846,0.0,0,7,task4_biopsies_per_patient,biopsy_max,,,patient_max,4
NextBiopsyProgression_LGD3plus,image|gigapath|set_transformer_lite,image,gigapath,set_transformer_lite,,,41,18,23,0.782608695652174,0.8888888888888888,0.30434782608695654,0.5609756097560976,0.4390243902439024,0.1111111111111111,2,16,task4_biopsies_per_patient,biopsy_max,,,patient_max,5plus
NextBiopsyProgression_LGD3plus,cnv|cnv_anchor|cnv_random_forest,cnv,cnv_anchor,cnv_random_forest,,,64,7,57,0.6766917293233082,0.2857142857142857,1.0,0.921875,0.078125,0.7142857142857143,5,2,task4_biopsies_per_patient,biopsy_max,,,patient_max,1
NextBiopsyProgression_LGD3plus,cnv|cnv_anchor|cnv_random_forest,cnv,cnv_anchor,cnv_random_forest,,,18,8,10,0.8374999999999999,0.25,0.9,0.6111111111111112,0.38888888888888884,0.75,6,2,task4_biopsies_per_patient,biopsy_max,,,patient_max,2
NextBiopsyProgression_LGD3plus,cnv|cnv_anchor|cnv_random_forest,cnv,cnv_anchor,cnv_random_forest,,,19,11,8,0.7272727272727273,0.36363636363636365,0.875,0.5789473684210527,0.42105263157894735,0.6363636363636364,7,4,task4_biopsies_per_patient,biopsy_max,,,patient_max,3
NextBiopsyProgression_LGD3plus,cnv|cnv_anchor|cnv_random_forest,cnv,cnv_anchor,cnv_random_forest,,,13,7,6,0.8809523809523809,0.42857142857142855,1.0,0.6923076923076923,0.3076923076923077,0.5714285714285714,4,3,task4_biopsies_per_patient,biopsy_max,,,patient_max,4
NextBiopsyProgression_LGD3plus,cnv|cnv_anchor|cnv_random_forest,cnv,cnv_anchor,cnv_random_forest,,,41,18,23,0.7946859903381642,0.3888888888888889,0.9565217391304348,0.7073170731707317,0.29268292682926833,0.6111111111111112,11,7,task4_biopsies_per_patient,biopsy_max,,,patient_max,5plus
NextBiopsyProgression_LGD3plus,multimodal|virchow2|early_mean_mlp_timev1,multimodal,virchow2,early_mean_mlp_timev1,,,64,7,57,0.8646616541353385,0.5714285714285714,0.8947368421052632,0.859375,0.140625,0.42857142857142855,3,4,task4_biopsies_per_patient,biopsy_max,,,patient_max,1
NextBiopsyProgression_LGD3plus,multimodal|virchow2|early_mean_mlp_timev1,multimodal,virchow2,early_mean_mlp_timev1,,,18,8,10,0.875,1.0,0.3,0.6111111111111112,0.38888888888888884,0.0,0,8,task4_biopsies_per_patient,biopsy_max,,,patient_max,2
NextBiopsyProgression_LGD3plus,multimodal|virchow2|early_mean_mlp_timev1,multimodal,virchow2,early_mean_mlp_timev1,,,19,11,8,0.8409090909090909,1.0,0.125,0.631578947368421,0.368421052631579,0.0,0,11,task4_biopsies_per_patient,biopsy_max,,,patient_max,3
NextBiopsyProgression_LGD3plus,multimodal|virchow2|early_mean_mlp_timev1,multimodal,virchow2,early_mean_mlp_timev1,,,13,7,6,0.9761904761904763,1.0,0.0,0.5384615384615384,0.46153846153846156,0.0,0,7,task4_biopsies_per_patient,biopsy_max,,,patient_max,4
NextBiopsyProgression_LGD3plus,multimodal|virchow2|early_mean_mlp_timev1,multimodal,virchow2,early_mean_mlp_timev1,,,41,18,23,0.8357487922705314,0.9444444444444444,0.17391304347826086,0.5121951219512195,0.4878048780487805,0.05555555555555555,1,17,task4_biopsies_per_patient,biopsy_max,,,patient_max,5plus
