source_run,condition,model_name,modality_used,task_name,task_type,cnv_variant,cnv_mask_name,cnv_mask_k,cnv_mask_source_model,cnv_mask_source_kind,cnv_mask_resolution,n_folds_complete,n_folds_total,n_folds_skipped,skip_reasons,expected_folds,is_complete,n_samples_total,auc_mean,auc_sd,auprc_mean,auprc_sd,accuracy_mean,accuracy_sd,sensitivity_mean,sensitivity_sd,specificity_mean,specificity_sd,balanced_accuracy_mean,balanced_accuracy_sd,brier_mean,brier_sd,ece_mean,ece_sd,sensitivity_at_spec90_mean,sensitivity_at_spec90_sd,sensitivity_at_spec95_mean,sensitivity_at_spec95_sd,specificity_at_sens90_mean,specificity_at_sens90_sd,specificity_at_sens95_mean,specificity_at_sens95_sd,macro_f1_mean,macro_f1_sd,macro_auc_ovr_mean,macro_auc_ovr_sd,mae_mean,mae_sd,mse_mean,mse_sd,rmse_mean,rmse_sd,r2_mean,r2_sd,best_score_metric,best_score
virchow2/runs/multimodal/all_samples/AtRisk_1y_stage1_all_samples,all_samples,early_mean_mlp_timev1,multimodal,AtRisk_1y,binary,windows_armdiff_plus_arms_plus_cx,none,-1,,,,5,5,0,,5,True,940,0.9700580512661456,0.01098144010703718,0.984987929620561,0.00546087123919058,0.897672603007195,0.02492889650199727,0.9024756759305929,0.07297311758436902,0.8911771412625941,0.08057993746029227,0.8968264085965935,0.01299056476533733,0.07777481839849565,0.015011519809030429,0.07510081837694886,0.03416899831628709,0.9133772262062312,0.04354576689225528,0.8690551807344921,0.036810139253042884,0.8993444235086627,0.052324334306056965,0.7872528128655472,0.15552075161040813,,,,,,,,,,,,,auc_mean,0.9700580512661456
virchow2/runs/multimodal/exclude_hgd_imc/AtRisk_1y_stage2_exclusions,exclude_hgd_imc,early_mean_mlp_timev1,multimodal,AtRisk_1y,binary,windows_armdiff_plus_arms_plus_cx,none,-1,,,,5,5,0,,5,True,820,0.9947948613752253,0.005915810639273339,0.9973008868602704,0.00260246438821332,0.9548770752718122,0.028977907373924958,0.9657764782326186,0.04919383314037037,0.9427114427860696,0.0651094624109443,0.9542439605093442,0.02772993561953055,0.03629024764016199,0.020943775803171236,0.06314430535889748,0.018920200861788278,0.9840058479532164,0.024279484104500627,0.9748700454840806,0.024918529572728516,0.993095238095238,0.009464098530643736,0.9683333333333334,0.05413460589637238,,,,,,,,,,,,,auc_mean,0.9947948613752253
virchow2/runs/multimodal/exclude_lgd_hgd_imc/AtRisk_1y_stage2_exclusions,exclude_lgd_hgd_imc,early_mean_mlp_timev1,multimodal,AtRisk_1y,binary,windows_armdiff_plus_arms_plus_cx,none,-1,,,,5,5,0,,5,True,671,0.9948290425320389,0.007350185790290466,0.9969131041317947,0.003998307767301196,0.9590950740017197,0.028530611469431838,0.9366925410735647,0.054330133279687366,0.9908730158730158,0.012980497804600113,0.9637827784732902,0.025492089919167432,0.04079957519028583,0.0156825660234123,0.08614961337068716,0.046494122065890646,0.9834671705243269,0.023748917303891698,0.9784285939222169,0.02877647688281668,0.9964285714285716,0.00798595706249927,0.942966903073286,0.10826093944238468,,,,,,,,,,,,,auc_mean,0.9948290425320389
virchow2/runs/multimodal/all_samples/AtRisk_2y_stage1_all_samples,all_samples,early_mean_mlp_timev1,multimodal,AtRisk_2y,binary,windows_armdiff_plus_arms_plus_cx,none,-1,,,,5,5,0,,5,True,940,0.944779005899996,0.01769089984446006,0.9630313433128762,0.0163936670516328,0.8463811357758017,0.02366608967257243,0.8486254349402624,0.07535680695410554,0.8545444280084464,0.07146021279315949,0.8515849314743544,0.01712870933275299,0.10599440973946128,0.010101842989540704,0.10309418158462089,0.005407150274935347,0.802880852456952,0.024536644612863895,0.7230110006488528,0.04780115867589574,0.8377381180907644,0.05356208840946302,0.7338311182375592,0.10898634354188119,,,,,,,,,,,,,auc_mean,0.944779005899996
routing/routing_moe_20260304_200011,exclude_hgd_imc,expert_mm_only,multimodal,AtRisk_2y,binary,windows_armdiff_plus_arms_plus_cx,none,-1,,,,5,5,0,,5,True,820,0.9721708821523778,0.014592222543362426,0.9777528729743141,0.013892443974235136,0.8850670735144419,0.03243759630970823,0.8833564881212197,0.06636285222596837,0.8987653148215807,0.09074153317180213,0.8910609014714002,0.03047829000940679,,,,,,,,,,,,,,,,,,,,,,,,,auc_mean,0.9721708821523778
virchow2/runs/multimodal/exclude_lgd_hgd_imc/AtRisk_2y_stage2_exclusions,exclude_lgd_hgd_imc,early_mean_mlp_timev1,multimodal,AtRisk_2y,binary,windows_armdiff_plus_arms_plus_cx,none,-1,,,,5,5,0,,5,True,671,0.9751208538552566,0.014553767060717543,0.9763774611513829,0.012680641380644165,0.8953226219883836,0.022534329052755805,0.8785795255033599,0.03103936616749468,0.915686798007932,0.07264350354141953,0.8971331617556458,0.02207297391450898,0.07402999993164833,0.01018796119753805,0.08201413815079564,0.02492696489845281,0.8940412975762339,0.052092010401476777,0.8486758422883611,0.09331510481593507,0.9092388589506827,0.05334442566282861,0.8290702484030152,0.15221921855712023,,,,,,,,,,,,,auc_mean,0.9751208538552566
virchow2/runs/multimodal/all_samples/AtRisk_3y_stage1_all_samples,all_samples,early_mean_mlp_timev1,multimodal,AtRisk_3y,binary,windows_armdiff_plus_arms_plus_cx,none,-1,,,,5,5,0,,5,True,940,0.9145794423823987,0.02499144444265471,0.924286327103619,0.03457617355506007,0.803784460452011,0.029796097631561894,0.7645625280709492,0.1156743495197309,0.874078849551396,0.11946477993542019,0.8193206888111726,0.026813211302574795,0.14549661264622235,0.020657632845841885,0.13832932050473348,0.03614145915259306,0.7271325173444086,0.06527551111047197,0.601735614462009,0.09782897682526172,0.7348881123721982,0.10828817671377683,0.6606973601442274,0.11602284437341552,,,,,,,,,,,,,auc_mean,0.9145794423823987
virchow2/runs/multimodal/exclude_hgd_imc/AtRisk_3y_stage2_exclusions,exclude_hgd_imc,early_mean_mlp_timev1,multimodal,AtRisk_3y,binary,windows_armdiff_plus_arms_plus_cx,none,-1,,,,5,5,0,,5,True,820,0.9473815935078195,0.022728855994817738,0.9462406057723305,0.028921719074009037,0.8345570448991502,0.02410643468767739,0.8275509835311183,0.09453508710214761,0.8620070931421158,0.1117462070909614,0.844779038336617,0.014772929301762766,0.1164318958216842,0.022684172531547156,0.13457566828720574,0.02314672543314579,0.8067740390713164,0.11337676979948458,0.7574592241511078,0.09553072098793451,0.826302564726723,0.06734303768040142,0.680605703063183,0.18772867216865313,,,,,,,,,,,,,auc_mean,0.9473815935078195
virchow2/runs/multimodal/exclude_lgd_hgd_imc/AtRisk_3y_stage2_exclusions,exclude_lgd_hgd_imc,early_mean_mlp_timev1,multimodal,AtRisk_3y,binary,windows_armdiff_plus_arms_plus_cx,none,-1,,,,5,5,0,,5,True,671,0.9513307792512469,0.04812254961599813,0.943879130797819,0.060585535828024346,0.8693559470082765,0.09386000125900999,0.8433829891039194,0.14752637485803896,0.8997608022990026,0.14536093238310288,0.8715718957014609,0.08528235334387825,0.10759356526501943,0.07153077188169718,0.12962647144561554,0.0649198390676678,0.8649339187943837,0.12132651413702236,0.8047209844419146,0.18891786766593802,0.8465302552569106,0.1823665535785138,0.7411081773348327,0.21474050145133558,,,,,,,,,,,,,auc_mean,0.9513307792512469
virchow2/runs/multimodal/all_samples/AtRisk_4y_stage1_all_samples,all_samples,early_mean_mlp_timev1,multimodal,AtRisk_4y,binary,windows_armdiff_plus_arms_plus_cx,none,-1,,,,5,5,0,,5,True,940,0.8959271950277156,0.016681420396421988,0.8867065213874451,0.04492236483719382,0.7869739399452831,0.024131100283830104,0.7302016832242082,0.08107640370331953,0.8565794508520476,0.10115286193719701,0.7933905670381278,0.026631089413347523,0.15004608569561803,0.0149128532370317,0.12944491362643046,0.019066748504958864,0.7011192434534272,0.050913984031020716,0.5487048569457571,0.11255141042197804,0.6765171909830167,0.09860165755077638,0.5924822225496931,0.08359673328441884,,,,,,,,,,,,,auc_mean,0.8959271950277156
virchow2/runs/multimodal/exclude_hgd_imc/AtRisk_4y_stage2_exclusions,exclude_hgd_imc,early_mean_mlp_timev1,multimodal,AtRisk_4y,binary,windows_armdiff_plus_arms_plus_cx,none,-1,,,,5,5,0,,5,True,820,0.9172325059799851,0.031201316176605893,0.900708191710693,0.04399595814193602,0.797940851230325,0.048210902058454935,0.7855352070118198,0.12717854663373002,0.8341793356436582,0.12343513187800624,0.8098572713277388,0.031161216442979624,0.14111840640840273,0.03707637399887448,0.12996634082590863,0.056843143849696874,0.7173991376620281,0.058010117211896396,0.606984538589966,0.09790235315314269,0.6924241983442909,0.16015667177866785,0.6259479332084253,0.17667993165925058,,,,,,,,,,,,,auc_mean,0.9172325059799851
virchow2/runs/multimodal/exclude_lgd_hgd_imc/AtRisk_4y_stage2_exclusions,exclude_lgd_hgd_imc,early_mean_mlp_timev1,multimodal,AtRisk_4y,binary,windows_armdiff_plus_arms_plus_cx,none,-1,,,,5,5,0,,5,True,671,0.9340192021012873,0.044687964436939544,0.9043539434347141,0.05944266263510497,0.8500358168554651,0.04292492852609517,0.8098491368001259,0.11056262435827764,0.8789088362617774,0.04838738788928852,0.8443789865309516,0.055020421815178376,0.10910211501881686,0.024893961024194177,0.10357928234355862,0.062366063991214186,0.8168802114958383,0.1230921118760422,0.7145298440518045,0.1709070395739706,0.777310924369748,0.22097455722592177,0.6946008403361345,0.19742360769048337,,,,,,,,,,,,,auc_mean,0.9340192021012873
virchow2/runs/multimodal/all_samples/AtRisk_5y_stage1_all_samples,all_samples,early_mean_mlp_timev1,multimodal,AtRisk_5y,binary,windows_armdiff_plus_arms_plus_cx,none,-1,,,,5,5,0,,5,True,940,0.8909961550869865,0.03796033259115845,0.8669444162401605,0.01973558814146225,0.7990180248862545,0.05195358971162876,0.7589961086918491,0.14583522335914278,0.8491487783597955,0.04141376300506866,0.8040724435258223,0.056122206160297575,0.14289147466448257,0.029308403369469913,0.10905763319238151,0.042526784521099134,0.6764585200690678,0.11929648577697984,0.5508549822951445,0.12490755779807217,0.702190136786103,0.14901998412166362,0.5684844736299952,0.14709154341457295,,,,,,,,,,,,,auc_mean,0.8909961550869865
virchow2/runs/multimodal/exclude_hgd_imc/AtRisk_5y_stage2_exclusions,exclude_hgd_imc,early_mean_mlp_timev1,multimodal,AtRisk_5y,binary,windows_armdiff_plus_arms_plus_cx,none,-1,,,,5,5,0,,5,True,820,0.9032087153641862,0.028716317054013497,0.8703293335211715,0.05769214254348783,0.7584174666016772,0.1098810820515738,0.8480110213306089,0.12176063840145111,0.7375298868938396,0.1730581569481083,0.7927704541122242,0.07047484013786248,0.16147634284589807,0.05379841773372604,0.1700069215728825,0.08545265339366977,0.730118541221634,0.09310228594494664,0.6329690412061547,0.07727336353965965,0.6864657990532816,0.09936404865656175,0.532655185127112,0.1718092298277357,,,,,,,,,,,,,auc_mean,0.9032087153641862
virchow2/runs/multimodal/exclude_lgd_hgd_imc/AtRisk_5y_stage2_exclusions,exclude_lgd_hgd_imc,early_mean_mlp_timev1,multimodal,AtRisk_5y,binary,windows_armdiff_plus_arms_plus_cx,none,-1,,,,5,5,0,,5,True,671,0.9092283344953234,0.056841649780027384,0.8544892604016935,0.07296636703910944,0.7917397856651343,0.09796553536057072,0.8782086927196806,0.09687915036598777,0.7533395929519056,0.12725118371243738,0.815774142835793,0.09176224093835379,0.1306603783109543,0.04946279276963552,0.1631914289526628,0.04963108057782916,0.7352897656180483,0.16661074898758724,0.6704836469930271,0.17355504246542847,0.7337020635610616,0.18886781858504978,0.5654525311800904,0.21860163357544946,,,,,,,,,,,,,auc_mean,0.9092283344953234
routing/routing_moe_20260304_200011,all_samples,ensemble_available_mean,multimodal,CurrentGradeInt,multiclass,windows_armdiff_plus_arms_plus_cx,none,-1,,,,5,5,0,,5,True,940,,,,,0.6288083021521935,0.02737472609081398,,,,,,,,,,,,,,,,,,,0.26374745008250405,0.04690129563739356,0.7444771888609951,,,,,,,,,,macro_auc_ovr_mean,0.7444771888609951
routing/routing_moe_20260304_200011,exclude_hgd_imc,ensemble_available_stack_logit,multimodal,CurrentGradeInt,multiclass,windows_armdiff_plus_arms_plus_cx,none,-1,,,,5,5,0,,5,True,820,,,,,0.7122149462675778,0.0487128105553008,,,,,,,,,,,,,,,,,,,0.33931726823238695,0.059064524590496416,0.7694723569662806,0.05259251239575654,,,,,,,,,macro_auc_ovr_mean,0.7694723569662806
virchow2/runs/multimodal/exclude_lgd_hgd_imc/CurrentGradeInt_stage2_exclusions,exclude_lgd_hgd_imc,early_mean_mlp_timev1,multimodal,CurrentGradeInt,multiclass,windows_armdiff_plus_arms_plus_cx,none,-1,,,,5,5,0,,5,True,671,,,,,0.8435943368307489,0.03307003805490672,,,,,,,,,,,,,,,,,,,0.6401437827419028,0.03710945582327092,,,,,,,,,,,macro_auc_ovr_mean,0.6401437827419028
virchow2/runs/multimodal/all_samples/DaysSincePreviousBiopsy_stage1_all_samples,all_samples,early_mean_mlp_timev1,multimodal,DaysSincePreviousBiopsy,regression,windows_armdiff_plus_arms_plus_cx,none,-1,,,,5,5,0,,5,True,628,,,,,,,,,,,,,,,,,,,,,,,,,,,,,39.971467884926774,7.82748373196347,3552.433457986523,2571.0817792870666,57.18241443197218,18.79511032545109,0.9866500206377452,0.002246854263711653,mae_mean,39.971467884926774
virchow2/runs/multimodal/exclude_hgd_imc/DaysSincePreviousBiopsy_stage2_exclusions,exclude_hgd_imc,early_mean_mlp_timev1,multimodal,DaysSincePreviousBiopsy,regression,windows_armdiff_plus_arms_plus_cx,none,-1,,,,5,5,0,,5,True,525,,,,,,,,,,,,,,,,,,,,,,,,,,,,,48.32043178822103,7.21507913997958,4115.372190607078,1416.639467533958,63.32042439092824,11.50521868326602,0.977742618577723,0.012852941106478074,mae_mean,48.32043178822103
virchow2/runs/multimodal/exclude_lgd_hgd_imc/DaysSincePreviousBiopsy_stage2_exclusions,exclude_lgd_hgd_imc,early_mean_mlp_timev1,multimodal,DaysSincePreviousBiopsy,regression,windows_armdiff_plus_arms_plus_cx,none,-1,,,,5,5,0,,5,True,411,,,,,,,,,,,,,,,,,,,,,,,,,,,,,53.69926973767307,19.751342295709,5220.349537861446,2569.945228890128,70.39427469855164,18.200124571218545,0.9713476094111513,0.02153245854243483,mae_mean,53.69926973767307
virchow2/runs/multimodal/all_samples/DaysToNextBiopsy_stage1_all_samples,all_samples,early_mean_mlp_timev1,multimodal,DaysToNextBiopsy,regression,windows_armdiff_plus_arms_plus_cx,none,-1,,,,5,5,0,,5,True,912,,,,,,,,,,,,,,,,,,,,,,,,,,,,,242.42673534338556,22.33202105802642,102547.17068755603,17435.53296690253,319.2729217318373,27.658003732466803,0.13726611938241923,0.18532525163212715,mae_mean,242.42673534338556
virchow2/runs/multimodal/exclude_hgd_imc/DaysToNextBiopsy_stage2_exclusions,exclude_hgd_imc,early_mean_mlp_timev1,multimodal,DaysToNextBiopsy,regression,windows_armdiff_plus_arms_plus_cx,none,-1,,,,5,5,0,,5,True,794,,,,,,,,,,,,,,,,,,,,,,,,,,,,,244.3275806451906,34.537859394231994,105660.28358304784,23330.787879678162,323.40528337751164,36.55998951311488,0.03771352653413209,0.21533890885262483,mae_mean,244.3275806451906
virchow2/runs/multimodal/exclude_lgd_hgd_imc/DaysToNextBiopsy_stage2_exclusions,exclude_lgd_hgd_imc,early_mean_mlp_timev1,multimodal,DaysToNextBiopsy,regression,windows_armdiff_plus_arms_plus_cx,none,-1,,,,5,5,0,,5,True,647,,,,,,,,,,,,,,,,,,,,,,,,,,,,,222.3116621596042,28.505802198531487,96448.92606566811,24915.918424084964,308.51327614535626,39.819663919464254,-0.017725974970069492,0.10141531083092059,mae_mean,222.3116621596042
virchow2/runs/multimodal/all_samples/HasNextBiopsy_stage1_all_samples,all_samples,early_mean_mlp_timev1,multimodal,HasNextBiopsy,binary,windows_armdiff_plus_arms_plus_cx,none,-1,,,,5,5,0,,5,True,940,0.8285089976399543,0.1600273156456502,0.9933003862139671,0.005107111647921832,0.7618299349725518,0.15572972463647397,0.7606228146613014,0.17066757052671627,0.6866666666666668,0.41739935579996074,0.723644740663984,0.17595179602576322,0.16136983993879112,0.10436201802105334,0.25747865105179174,0.1487131771721985,0.6554063103355968,0.21411337713944623,0.6542014910584883,0.2136126927542439,0.573939393939394,0.3912706807801987,0.49757575757575756,0.4192695559115081,,,,,,,,,,,,,auc_mean,0.8285089976399543
virchow2/runs/multimodal/exclude_hgd_imc/HasNextBiopsy_stage2_exclusions,exclude_hgd_imc,early_mean_mlp_timev1,multimodal,HasNextBiopsy,binary,windows_armdiff_plus_arms_plus_cx,none,-1,,,,5,5,0,,5,True,820,0.8705876892618187,0.09358735076569773,0.9926015845332863,0.01050925571998381,0.8346872627135784,0.14904418890584512,0.8452361627294849,0.16327973562482828,0.63,0.4295346318982906,0.7376180813647425,0.16319994447626407,0.1168644222360875,0.08059505861763212,0.186558628554294,0.1358256468752496,0.7879357333320167,0.19103790210481897,0.865943763050563,0.08995714933798465,0.53,0.37682887362833545,0.33999999999999997,0.4219004621945797,,,,,,,,,,,,,auc_mean,0.8705876892618187
virchow2/runs/multimodal/exclude_lgd_hgd_imc/HasNextBiopsy_stage2_exclusions,exclude_lgd_hgd_imc,early_mean_mlp_timev1,multimodal,HasNextBiopsy,binary,windows_armdiff_plus_arms_plus_cx,none,-1,,,,5,5,0,,5,True,671,0.8732250026396369,0.10607958224742836,0.9915725187566637,0.011397291814642444,0.8438768379991167,0.09433345810683169,0.8675776610884821,0.12225738503935486,0.47000000000000003,0.4522167621838005,0.668788830544241,0.1681119437966687,0.12096272243371475,0.05680120789058296,0.22309102388145496,0.11113076617607674,0.7557924189631506,0.2151006674870904,0.7503378735086053,0.2247776026100482,0.5599999999999999,0.433589667773576,0.36,0.403732584763727,,,,,,,,,,,,,auc_mean,0.8732250026396369
virchow2/runs/multimodal/all_samples/IsFirstBiopsy_stage1_all_samples,all_samples,early_mean_mlp_timev1,multimodal,IsFirstBiopsy,binary,windows_armdiff_plus_arms_plus_cx,none,-1,,,,5,5,0,,5,True,940,0.9990603146853146,0.00210120024109464,0.9966610554097717,0.007466107076856078,0.9856664053152346,0.013757457040013207,1.0,0.0,0.9787212787212788,0.020427267055898944,0.9893606393606393,0.010213633527949491,0.010221309490873161,0.007803521812978023,0.020024438450699632,0.010673787485714674,1.0,0.0,1.0,0.0,0.9986013986013986,0.0031273678006990004,0.9986013986013986,0.0031273678006990004,,,,,,,,,,,,,auc_mean,0.9990603146853146
virchow2/runs/multimodal/exclude_hgd_imc/IsFirstBiopsy_stage2_exclusions,exclude_hgd_imc,early_mean_mlp_timev1,multimodal,IsFirstBiopsy,binary,windows_armdiff_plus_arms_plus_cx,none,-1,,,,5,5,0,,5,True,820,0.9998832911884847,0.00026096883612134234,0.9997863501423486,0.00047773560509140864,0.9935599810336653,0.008301504545343294,1.0,0.0,0.9895490552923262,0.014185576535574812,0.9947745276461631,0.00709278826778738,0.006018800326786571,0.006785701644836964,0.011643758504866087,0.004315566779405856,1.0,0.0,1.0,0.0,1.0,0.0,0.9979381443298969,0.0046104494381438805,,,,,,,,,,,,,auc_mean,0.9998832911884847
virchow2/runs/multimodal/exclude_lgd_hgd_imc/IsFirstBiopsy_stage2_exclusions,exclude_lgd_hgd_imc,early_mean_mlp_timev1,multimodal,IsFirstBiopsy,binary,windows_armdiff_plus_arms_plus_cx,none,-1,,,,5,5,0,,5,True,671,0.9994947368421052,0.0011298027675788525,0.9989389194298788,0.00237264828439528,0.9852751886542276,0.010143056331738868,1.0,0.0,0.9767054701075896,0.015081849129162871,0.9883527350537948,0.007540924564581443,0.010529860472500444,0.007155319133042988,0.016274543455475916,0.0050554762734416805,1.0,0.0,1.0,0.0,0.9978947368421054,0.004707511531578519,0.9978947368421054,0.004707511531578519,,,,,,,,,,,,,auc_mean,0.9994947368421052
virchow2/runs/multimodal/all_samples/IsLastBiopsy_stage1_all_samples,all_samples,early_mean_mlp_timev1,multimodal,IsLastBiopsy,binary,windows_armdiff_plus_arms_plus_cx,none,-1,,,,5,5,0,,5,True,940,0.996462587376848,0.00291079472702613,0.9950445364222318,0.0041508299447225875,0.9449324948341096,0.018309331809947732,0.9721044546850999,0.02775487787809931,0.9261437244995196,0.049339812723472425,0.9491240895923096,0.012124629536002567,0.03784847389190319,0.011321297769647196,0.05417928232349001,0.024710943693378125,0.9971428571428571,0.006388765649999377,0.9857142857142858,0.0202030508910442,0.9923520923520923,0.013122588795832205,0.9805019583591011,0.019557757130768336,,,,,,,,,,,,,auc_mean,0.996462587376848
routing/routing_moe_20260304_200011,exclude_hgd_imc,expert_mm_only,multimodal,IsLastBiopsy,binary,windows_armdiff_plus_arms_plus_cx,none,-1,,,,5,5,0,,5,True,820,0.9935380297602586,0.009031619756935453,0.9899902185763789,0.01402774601954163,0.9465524624735153,0.037165182030476016,0.9686888070470159,0.04402093138345591,0.9331010139829308,0.049237844294581834,0.9508949105149733,0.035881006301516645,,,,,,,,,,,,,,,,,,,,,,,,,auc_mean,0.9935380297602586
virchow2/runs/multimodal/exclude_lgd_hgd_imc/IsLastBiopsy_stage2_exclusions,exclude_lgd_hgd_imc,early_mean_mlp_timev1,multimodal,IsLastBiopsy,binary,windows_armdiff_plus_arms_plus_cx,none,-1,,,,5,5,0,,5,True,671,0.9982691256545625,0.0023614138506265624,0.9979286570386897,0.0026705722784777348,0.9510950152529108,0.043818214886068324,0.9911764705882353,0.019730011566174595,0.9247012270477178,0.07434443897388374,0.9579388488179765,0.036154356615803344,0.039209380312411814,0.018331440457358524,0.08609995073443134,0.05041955724540091,1.0,0.0,0.9898623279098873,0.014176419263723783,0.9913779210314262,0.013048018451498007,0.988436744560838,0.01914076061628902,,,,,,,,,,,,,auc_mean,0.9982691256545625
virchow2/runs/multimodal/all_samples/NextBiopsyExistsInDataset_stage1_all_samples,all_samples,early_mean_mlp_timev1,multimodal,NextBiopsyExistsInDataset,binary,windows_armdiff_plus_arms_plus_cx,none,-1,,,,5,5,0,,5,True,940,0.8657202241286859,0.04277692738662943,0.7737944127044729,0.1427945064612242,0.7892985807342384,0.04476190304167356,0.8268699082769707,0.1067389303712145,0.77858565080722,0.10349903445553814,0.8027277795420954,0.03515813655416461,0.15843541979677406,0.03402669518084623,0.13229055427097308,0.047316119929448425,0.4678294710164456,0.23710000187381497,0.3039033824181099,0.1558106558266083,0.7240588579263797,0.06394742274390376,0.6493253113318455,0.05087893415184235,,,,,,,,,,,,,auc_mean,0.8657202241286859
virchow2/runs/multimodal/exclude_hgd_imc/NextBiopsyExistsInDataset_stage2_exclusions,exclude_hgd_imc,early_mean_mlp_timev1,multimodal,NextBiopsyExistsInDataset,binary,windows_armdiff_plus_arms_plus_cx,none,-1,,,,5,5,0,,5,True,820,0.8160719031954342,0.03936709871702803,0.7190784010903573,0.07427918382871651,0.7182133016343543,0.09410146923124696,0.8062085593731163,0.18437544107237444,0.6620645083332406,0.2020014733635267,0.7341365338531786,0.07784307899912668,0.19076598353955684,0.03787751303635573,0.1557238912249398,0.06667795120501512,0.28382157926461726,0.13050309144268038,0.1288954189270645,0.08705299034975113,0.6272299152534769,0.12006703208153749,0.5462415632165649,0.1775858588927498,,,,,,,,,,,,,auc_mean,0.8160719031954342
virchow2/runs/multimodal/exclude_lgd_hgd_imc/NextBiopsyExistsInDataset_stage2_exclusions,exclude_lgd_hgd_imc,early_mean_mlp_timev1,multimodal,NextBiopsyExistsInDataset,binary,windows_armdiff_plus_arms_plus_cx,none,-1,,,,5,5,0,,5,True,671,0.8813471221911697,0.05380569502354599,0.8284394697007599,0.06608464620714595,0.7925564680111805,0.1005110704446164,0.81983127065996,0.21039647147133272,0.76388317962231,0.12400895441416679,0.7918572251411351,0.10448099190847758,0.14254194196656042,0.05035595519939531,0.1042246164599446,0.04708727292392089,0.627110207160225,0.1646320025924609,0.4141182726676357,0.15819967524754153,0.7200856872596002,0.15873990333199933,0.6201738213477344,0.22769718935738004,,,,,,,,,,,,,auc_mean,0.8813471221911697
cnv_anchor/runs/cnv/all_samples/NextBiopsyLabel_stage1_all_samples,all_samples,cnv_xgboost,cnv,NextBiopsyLabel,multiclass,windows_armdiff_plus_arms_plus_cx,none,-1,,,,5,5,0,,5,True,903,,,,,0.5890989743053776,0.03528140493302128,,,,,,,,,,,,,,,,,,,0.23549627057037203,0.03425353403160872,0.6413658269529019,0.052216895421201184,,,,,,,,,macro_auc_ovr_mean,0.6413658269529019
cnv_anchor/runs/late_fusion/exclude_hgd_imc_20260304_200011,exclude_hgd_imc,latefusion_cnv_only,cnv,NextBiopsyLabel,multiclass,windows_armdiff_plus_arms_plus_cx,none,-1,,,,5,5,0,,5,True,785,,,,,0.6648781915989067,0.043623656532340314,,,,,,,,,,,,,,,,,,,0.17368802621322632,0.0231318843323086,0.6268792895713966,0.047591426741659955,,,,,,,,,macro_auc_ovr_mean,0.6268792895713966
cnv_anchor/runs/cnv/exclude_lgd_hgd_imc/NextBiopsyLabel_stage2_exclusions,exclude_lgd_hgd_imc,cnv_random_forest,cnv,NextBiopsyLabel,multiclass,windows_armdiff_plus_arms_plus_cx,none,-1,,,,5,5,0,,5,True,638,,,,,0.7509820798436448,0.04252927904119602,,,,,,,,,,,,,,,,,,,0.17984870705021314,0.014803030758676785,0.6228412854772004,0.04968252125374995,,,,,,,,,macro_auc_ovr_mean,0.6228412854772004
routing/routing_moe_20260304_200011,all_samples,ensemble_all3_mean,multimodal,NextBiopsyProgression_LGD3plus,binary,windows_armdiff_plus_arms_plus_cx,none,-1,,,,5,5,0,,5,True,903,0.8584796798539831,0.09956332421482024,0.6193095947989797,0.1785861454849128,0.8181798864816056,0.06834317241531096,0.5962383076397715,0.3117654789563846,0.8869205753595997,0.034100330949377866,0.7415794414996855,0.149110806606495,,,,,,,,,,,,,,,,,,,,,,,,,auc_mean,0.8584796798539831
routing/routing_moe_20260304_200011,exclude_hgd_imc,routing_k6_hard,multimodal,NextBiopsyProgression_LGD3plus,binary,windows_armdiff_plus_arms_plus_cx,none,-1,,,,5,5,0,,5,True,785,0.8691710777303296,0.05408007724210756,0.5734066227549786,0.20429791627519492,0.6498923530045864,0.1684273232460207,0.9257242419514226,0.059847611801693824,0.6002215527845796,0.19291562879837984,0.7629728973680009,0.0789933793252948,,,,,,,,,,,,,,,,,,,,,,,,,auc_mean,0.8691710777303296
routing/routing_moe_20260304_200011,exclude_lgd_hgd_imc,ensemble_mm_cnv_mean,multimodal,NextBiopsyProgression_LGD3plus,binary,windows_armdiff_plus_arms_plus_cx,none,-1,,,,5,5,0,,5,True,638,0.8803526838252361,0.1067621148211341,0.573897895825541,0.22358439754954704,0.9006027501944226,0.027866555073557092,0.30355311355311354,0.2697208293139581,0.968095459692556,0.03171772198068313,0.6358242866228346,0.12146104707579544,,,,,,,,,,,,,,,,,,,,,,,,,auc_mean,0.8803526838252361
routing/routing_moe_20260304_200011,all_samples,ensemble_all3_mean,multimodal,NextBiopsyTier3,multiclass,windows_armdiff_plus_arms_plus_cx,none,-1,,,,5,5,0,,5,True,903,,,,,0.7035720571969252,0.0700925897096266,,,,,,,,,,,,,,,,,,,0.5110114518774778,0.07351601143190514,0.7824465463163659,0.04146028364497271,,,,,,,,,macro_auc_ovr_mean,0.7824465463163659
fusion/foundation_combo_20260304_200011,exclude_hgd_imc,cnv_plus_image_combo_gigapath_uni2_mean,multimodal,NextBiopsyTier3,multiclass,windows_armdiff_plus_arms_plus_cx,none,-1,,,,5,5,0,,5,True,785,,,,,0.725249221494057,0.07729656866852683,,,,,,,,,,,,,,,,,,,0.40614968261830875,0.03834197820302988,0.7500158222485777,0.04911808337715602,,,,,,,,,macro_auc_ovr_mean,0.7500158222485777
routing/routing_moe_20260304_200011,exclude_lgd_hgd_imc,routing_k2_soft,multimodal,NextBiopsyTier3,multiclass,windows_armdiff_plus_arms_plus_cx,none,-1,,,,5,5,0,,5,True,638,,,,,0.7929376204066294,0.03798207901719583,,,,,,,,,,,,,,,,,,,0.47828545879794904,0.12605562397046904,0.7771001809095649,0.06584808185859035,,,,,,,,,macro_auc_ovr_mean,0.7771001809095649
virchow2/runs/multimodal/all_samples/Progress_in_1_stage1_all_samples,all_samples,early_mean_mlp_timev1,multimodal,Progress_in_1,binary,windows_armdiff_plus_arms_plus_cx,none,-1,,,,5,5,0,,5,True,940,0.8678078789610429,0.04716398903198372,0.684514865972901,0.06268606962795606,0.7690847173300488,0.13397828371196788,0.7636610843507394,0.1608600242671195,0.7795130228025059,0.174797607404888,0.7715870535766226,0.0909202191707019,0.158291822282477,0.06600833979815313,0.16015664548688102,0.10430802187419835,0.6436309746654574,0.12984891694446843,0.46835173559311494,0.09035459109304601,0.5988569881519845,0.11518023176316419,0.5434985979201128,0.09628495153851291,,,,,,,,,,,,,auc_mean,0.8678078789610429
virchow2/runs/multimodal/exclude_hgd_imc/Progress_in_1_stage2_exclusions,exclude_hgd_imc,early_mean_mlp_timev1,multimodal,Progress_in_1,binary,windows_armdiff_plus_arms_plus_cx,none,-1,,,,5,5,0,,5,True,820,0.81230924052394,0.09602196697012327,0.30040789345003027,0.18826131601815288,0.7734599584862742,0.08880056067109558,0.6331531531531531,0.2639575453513502,0.8015423578026161,0.09549491864012671,0.7173477554778847,0.12597730858172984,0.14462815945642413,0.034401323780484674,0.18886889276814953,0.07171989966993181,0.3046546546546547,0.311074730907108,0.24051051051051048,0.24242745899480214,0.6850756965174798,0.15758552456690114,0.6166228010982924,0.17744428242404603,,,,,,,,,,,,,auc_mean,0.81230924052394
routing/routing_moe_20260304_200011,exclude_lgd_hgd_imc,expert_mm_only,multimodal,Progress_in_1,binary,windows_armdiff_plus_arms_plus_cx,none,-1,,,,5,5,0,,5,True,671,0.7825319863847556,0.0878031329004346,0.14694427146040176,0.08965922439493149,0.8117089023321155,0.18722147366335617,0.4375,0.42695628191498325,0.8121613909146073,0.21276148709853374,0.625247928145159,0.13492934818831542,,,,,,,,,,,,,,,,,,,,,,,,,auc_mean,0.7825319863847556
virchow2/runs/multimodal/all_samples/Progress_in_2_stage1_all_samples,all_samples,early_mean_mlp_timev1,multimodal,Progress_in_2,binary,windows_armdiff_plus_arms_plus_cx,none,-1,,,,5,5,0,,5,True,940,0.8437517789378044,0.095280072116836,0.7088348548114133,0.13253414585718765,0.7622272121081519,0.06144637807075519,0.6411308221176643,0.29774194643038715,0.8125862150985304,0.167912933613474,0.7268585186080972,0.07687198184246383,0.16492114154303059,0.02674902976705444,0.17630320992796886,0.08567741067299273,0.61301013057592,0.18586277015075306,0.4892331856147646,0.16628130055646198,0.610510130263825,0.1585833016376254,0.49830327308159816,0.122772726528366,,,,,,,,,,,,,auc_mean,0.8437517789378044
virchow2/runs/multimodal/exclude_hgd_imc/Progress_in_2_stage2_exclusions,exclude_hgd_imc,early_mean_mlp_timev1,multimodal,Progress_in_2,binary,windows_armdiff_plus_arms_plus_cx,none,-1,,,,5,5,0,,5,True,820,0.7463451646151829,0.12160275666153196,0.36692743511252673,0.2121469101568443,0.651113739982161,0.08280652678706593,0.7393267651888341,0.23408644634959228,0.6450950973047802,0.1117279933257106,0.6922109312468071,0.08321454132976747,0.20311965907970814,0.03320164951650081,0.2776213935704706,0.04800649786927473,0.4205582922824302,0.289202797287219,0.32698686371100166,0.2663404321948876,0.5157581710185755,0.15810350899274608,0.3549997991246002,0.28077101874838173,,,,,,,,,,,,,auc_mean,0.7463451646151829
virchow2/runs/multimodal/exclude_lgd_hgd_imc/Progress_in_2_stage2_exclusions,exclude_lgd_hgd_imc,early_mean_mlp_timev1,multimodal,Progress_in_2,binary,windows_armdiff_plus_arms_plus_cx,none,-1,,,,5,5,0,,5,True,671,0.7509270369006049,0.08413137368339728,0.1822723354783307,0.10870969239588608,0.6853623712538279,0.21516651827385816,0.5219047619047619,0.43096685058581347,0.6827483774100023,0.24821320135446984,0.6023265696573821,0.0964929828084673,0.2219872208643038,0.17506217141555017,0.3065121992981938,0.19286943112721122,0.22857142857142856,0.2805081233337741,0.2,0.29814239699997197,0.460764286875866,0.22940765631616064,0.460764286875866,0.22940765631616064,,,,,,,,,,,,,auc_mean,0.7509270369006049
virchow2/runs/multimodal/all_samples/Progress_in_3_stage1_all_samples,all_samples,early_mean_mlp_timev1,multimodal,Progress_in_3,binary,windows_armdiff_plus_arms_plus_cx,none,-1,,,,5,5,0,,5,True,940,0.8470074103784375,0.058350430170705535,0.7131068469066174,0.07783769071675829,0.7367906110861501,0.13652757448717986,0.6947015103338633,0.1674115376688025,0.7692268462602689,0.2041672931670291,0.7319641782970662,0.07460071305420861,0.1636501410481536,0.062320361188158195,0.15627271995929198,0.0902951414406923,0.6404854928457869,0.16353209921963668,0.48484399841017484,0.14455195518450445,0.6242457414368306,0.16539633088405908,0.48255010951652383,0.11474376796144255,,,,,,,,,,,,,auc_mean,0.8470074103784375
routing/routing_moe_20260304_200011,exclude_hgd_imc,expert_mm_only,multimodal,Progress_in_3,binary,windows_armdiff_plus_arms_plus_cx,none,-1,,,,5,5,0,,5,True,820,0.7442867262956454,0.1338857369564126,0.4392014183280465,0.21278521594095517,0.7032513370934423,0.13940364091936072,0.5297778656068624,0.23447523251804045,0.7451451245573482,0.18206242881545134,0.6374614950821054,0.10282191569689182,,,,,,,,,,,,,,,,,,,,,,,,,auc_mean,0.7442867262956454
virchow2/runs/multimodal/exclude_lgd_hgd_imc/Progress_in_3_stage2_exclusions,exclude_lgd_hgd_imc,early_mean_mlp_timev1,multimodal,Progress_in_3,binary,windows_armdiff_plus_arms_plus_cx,none,-1,,,,5,5,0,,5,True,671,0.7990903525724175,0.12018984881090014,0.37942490127938366,0.23486870287290257,0.7451565365365656,0.17776612596704008,0.6380952380952382,0.4010332460022398,0.7395359945691863,0.22138552196496994,0.6888156163322122,0.14108561532102162,0.17079866224257692,0.09502354846325738,0.23242154259517767,0.0930453893180075,0.46904761904761905,0.3421040008422735,0.32857142857142857,0.36281214569143694,0.5545327936805078,0.18008150303948478,0.5175649623374442,0.20186908094527134,,,,,,,,,,,,,auc_mean,0.7990903525724175
virchow2/runs/multimodal/all_samples/Progress_in_4_stage1_all_samples,all_samples,early_mean_mlp_timev1,multimodal,Progress_in_4,binary,windows_armdiff_plus_arms_plus_cx,none,-1,,,,5,5,0,,5,True,940,0.8299679822628075,0.07176786320259179,0.7033834868813555,0.08187816154445582,0.7333961518078065,0.09749306110830513,0.7111381337347796,0.18507068876436694,0.7672950945246193,0.14453784200283948,0.7392166141296995,0.08061782429517439,0.18956333163329453,0.05283802058864756,0.18842415334580861,0.08175240524850276,0.5814659448191528,0.18288288464344085,0.4350795032206777,0.14172648955445716,0.5683023649757725,0.13799444236479264,0.43811839323467233,0.12180501024076121,,,,,,,,,,,,,auc_mean,0.8299679822628075
virchow2/runs/multimodal/exclude_hgd_imc/Progress_in_4_stage2_exclusions,exclude_hgd_imc,early_mean_mlp_timev1,multimodal,Progress_in_4,binary,windows_armdiff_plus_arms_plus_cx,none,-1,,,,5,5,0,,5,True,820,0.7012915200650673,0.13977275743618467,0.4096267583891269,0.19678002571681635,0.6992223902223903,0.09269016991178397,0.5851734664128552,0.2519127420680473,0.7110338799120139,0.156362791452946,0.6481036731624347,0.09409585820174095,0.18652974689978108,0.04304669495255298,0.1984714363145902,0.07567725092046114,0.30554269348836416,0.21620298409416466,0.21948688926617618,0.22493089829038254,0.29356725288847496,0.21029838728651784,0.22228609173407352,0.19919347850989458,,,,,,,,,,,,,auc_mean,0.7012915200650673
virchow2/runs/multimodal/exclude_lgd_hgd_imc/Progress_in_4_stage2_exclusions,exclude_lgd_hgd_imc,early_mean_mlp_timev1,multimodal,Progress_in_4,binary,windows_armdiff_plus_arms_plus_cx,none,-1,,,,5,5,0,,5,True,671,0.7780396636085058,0.1419486643924062,0.4165913205343107,0.28692553855992364,0.7002195608291981,0.16249946639467824,0.6642424242424243,0.37101973988309583,0.6936314038217208,0.22157712147983719,0.6789369140320725,0.1362902498137684,0.21215882524411267,0.12201762618158464,0.3062407316581271,0.14138780531626524,0.4288888888888889,0.3888571415612807,0.30063492063492064,0.30088389147670197,0.553898864719089,0.22824523725054224,0.4805956972982745,0.27427137157434056,,,,,,,,,,,,,auc_mean,0.7780396636085058
virchow2/runs/multimodal/all_samples/Progress_in_5_stage1_all_samples,all_samples,early_mean_mlp_timev1,multimodal,Progress_in_5,binary,windows_armdiff_plus_arms_plus_cx,none,-1,,,,5,5,0,,5,True,940,0.8308086716515986,0.06698820921138751,0.7126673248713192,0.07375478646575276,0.7115119985776992,0.08364600086490358,0.6889611509673033,0.2159699918311964,0.7490437043031732,0.1829555223117144,0.7190024276352383,0.04913697176762971,0.1938508877353542,0.05072588256675311,0.17307407913768702,0.11706875080468845,0.5818636614220016,0.14094347390338816,0.42672923988384587,0.1459508432834909,0.5597313659767373,0.15225259784649242,0.39420627554488114,0.16324700101395498,,,,,,,,,,,,,auc_mean,0.8308086716515986
virchow2/runs/multimodal/exclude_hgd_imc/Progress_in_5_stage2_exclusions,exclude_hgd_imc,early_mean_mlp_timev1,multimodal,Progress_in_5,binary,windows_armdiff_plus_arms_plus_cx,none,-1,,,,5,5,0,,5,True,820,0.7135103688630986,0.1333820756928121,0.41840528461495463,0.2025244073762071,0.6147213109318372,0.18645092006297606,0.5990931087519226,0.2746322677398606,0.6176326554762198,0.2562436463951707,0.6083628821140712,0.10235542306624267,0.22939267038571187,0.09806407954077567,0.2350070088947469,0.15437335191997226,0.27178883595303294,0.2377275843380201,0.19880566080204073,0.22976884053872715,0.3834993458868274,0.17476260643061503,0.2673897764050217,0.11890464446010006,,,,,,,,,,,,,auc_mean,0.7135103688630986
virchow2/runs/multimodal/exclude_lgd_hgd_imc/Progress_in_5_stage2_exclusions,exclude_lgd_hgd_imc,early_mean_mlp_timev1,multimodal,Progress_in_5,binary,windows_armdiff_plus_arms_plus_cx,none,-1,,,,5,5,0,,5,True,671,0.7766131388681747,0.14286603382320096,0.3972814041947682,0.1935484044018287,0.688382543279127,0.16906055927660857,0.6297619047619047,0.2683989229848183,0.6775085481589299,0.22049065465096904,0.6536352264604173,0.056718620133182865,0.2130482745248028,0.1103296466963219,0.2891296417426908,0.11465194477679522,0.4490079365079366,0.371790667687465,0.33194444444444443,0.3034332863402749,0.5503980117326857,0.21770386917999862,0.4896675884851625,0.2606612284854464,,,,,,,,,,,,,auc_mean,0.7766131388681747
routing/routing_moe_20260304_200011,all_samples,ensemble_all3_mean,multimodal,Progressor_label,binary,windows_armdiff_plus_arms_plus_cx,none,-1,,,,5,5,0,,5,True,940,0.8527343454683821,0.09586417731093648,0.7470769793140775,0.08262695456892281,0.7761259128637271,0.08356156663743283,0.6370150483685167,0.23669609617076517,0.8656904925308538,0.058441807199247166,0.7513527704496852,0.1011718473396636,,,,,,,,,,,,,,,,,,,,,,,,,auc_mean,0.8527343454683821
routing/routing_moe_20260304_200011,exclude_hgd_imc,ensemble_all3_mean,multimodal,Progressor_label,binary,windows_armdiff_plus_arms_plus_cx,none,-1,,,,5,5,0,,5,True,820,0.7798558474540739,0.11215585765979738,0.5432485215744816,0.16785801062867603,0.7985112438533492,0.08099841623067178,0.44193381331312365,0.2378629181290197,0.9144110958373242,0.04694193945119147,0.6781724545752239,0.11060464378629485,,,,,,,,,,,,,,,,,,,,,,,,,auc_mean,0.7798558474540739
routing/routing_moe_20260304_200011,exclude_lgd_hgd_imc,ensemble_all3_mean,multimodal,Progressor_label,binary,windows_armdiff_plus_arms_plus_cx,none,-1,,,,5,5,0,,5,True,671,0.7995046695054839,0.13519572305408986,0.5136259017835281,0.1914060834903327,0.786060421772517,0.12231763204572445,0.5430976430976431,0.26177059951989456,0.8354408247046378,0.12135253440097497,0.6892692339011404,0.15405332212271006,,,,,,,,,,,,,,,,,,,,,,,,,auc_mean,0.7995046695054839
virchow2/runs/multimodal/all_samples/Time_to_progression_stage1_all_samples,all_samples,early_mean_mlp_timev1,multimodal,Time_to_progression,regression,windows_armdiff_plus_arms_plus_cx,none,-1,,,,5,5,0,,5,True,318,,,,,,,,,,,,,,,,,,,,,,,,,,,,,319.260806097377,118.0924798205542,280313.7905307073,205244.30461183094,493.7695174526113,213.61605208095528,0.5884314530828135,0.20517529054325262,mae_mean,319.260806097377
virchow2/runs/multimodal/exclude_hgd_imc/Time_to_progression_stage2_exclusions,exclude_hgd_imc,early_mean_mlp_timev1,multimodal,Time_to_progression,regression,windows_armdiff_plus_arms_plus_cx,none,-1,,,,5,5,0,,5,True,198,,,,,,,,,,,,,,,,,,,,,,,,,,,,,487.71063230039,168.00476516155982,449184.89732710505,296557.27703506895,638.7126409123446,227.0216390178572,0.37075115352070626,0.1512477672445479,mae_mean,487.71063230039
virchow2/runs/multimodal/exclude_lgd_hgd_imc/Time_to_progression_stage2_exclusions,exclude_lgd_hgd_imc,early_mean_mlp_timev1,multimodal,Time_to_progression,regression,windows_armdiff_plus_arms_plus_cx,none,-1,,,,5,5,0,,5,True,103,,,,,,,,,,,,,,,,,,,,,,,,,,,,,574.8809283406765,122.4147489015053,558949.060679391,285727.78099921515,731.9815800829049,170.11770593740724,0.14344441952845255,0.8289509352602249,mae_mean,574.8809283406765
